,timestamp,shard,load
0,0.1,329,0.022
1,0.105,140,0.015
2,0.13,150,0.029
3,0.175,561,0.03
4,0.225,410,0.541
5,0.32,176,0.042
6,0.325,437,0.184
7,0.325,1,0.218
8,0.33,90,0.311
9,0.34,205,0.091
10,0.385,56,0.077
11,0.405,310,0.002
12,0.51,346,0.001
13,0.56,205,0.104
14,0.65,352,0.862
15,1.185,543,0.1
16,1.51,22,0.101
17,1.56,336,0.026
18,1.565,284,0.893
19,1.69,1,0.003
20,2.26,597,0.241
21,2.55,277,0.399
22,5.005,10,0.532
23,5.005,525,0.217
24,5.015,582,0.006
25,5.025,249,0.71
26,5.03,571,0.001
27,5.04,381,0.086
28,5.045,426,0.068
29,5.05,145,0.004
30,5.055,390,0.498
31,5.055,480,0.402
32,5.06,6,0.071
33,5.075,87,0.028
34,5.08,468,0.003
35,5.085,322,0.803
36,5.09,424,0.003
37,5.11,73,0.441
38,5.115,12,0.129
39,5.14,524,0.456
40,5.145,436,0.904
41,5.175,363,0.158
42,5.175,72,0.04
43,5.18,141,0.095
44,5.185,552,0.4
45,5.185,228,0.289
46,5.185,294,0.011
47,5.205,380,0.152
48,5.21,304,0.223
49,5.23,30,0.334
50,5.23,191,0.043
51,5.235,467,0.193
52,5.255,400,0.046
53,5.255,427,0.182
54,5.26,40,0.077
55,5.26,242,0.001
56,5.29,56,0.136
57,5.3,488,0.002
58,5.34,206,0.923
59,5.375,554,0.226
60,5.39,37,0.042
61,5.405,111,0.232
62,5.47,488,0.218
63,5.485,52,0.0
64,5.5,2,0.041
65,5.505,102,0.003
66,5.515,582,0.025
67,5.545,154,0.0
68,5.565,501,0.267
69,5.57,47,0.106
70,5.645,371,0.058
71,5.695,27,0.418
72,5.715,14,0.687
73,5.785,390,0.071
74,5.8,85,0.014
75,5.97,502,0.0
76,6.045,573,0.225
77,6.155,145,0.242
78,6.27,59,0.003
79,6.33,91,0.278
80,6.895,461,0.525
81,6.945,146,0.166
82,7.12,10,0.357
83,10.01,571,0.093
84,10.015,22,0.015
85,10.025,38,0.013
86,10.03,421,0.242
87,10.03,72,0.159
88,10.045,587,0.622
89,10.06,193,0.035
90,10.09,207,0.065
91,10.09,326,0.0
92,10.105,6,0.154
93,10.105,550,0.007
94,10.12,496,0.001
95,10.135,198,0.06
96,10.135,588,0.008
97,10.15,573,0.0
98,10.15,214,0.054
99,10.155,373,0.609
100,10.165,142,0.093
101,10.17,431,0.014
102,10.185,418,0.759
103,10.21,10,0.028
104,10.215,262,0.687
105,10.22,106,0.047
106,10.26,133,0.378
107,10.295,352,0.166
108,10.295,138,0.241
109,10.315,277,0.408
110,10.32,410,0.009
111,10.33,512,0.1
112,10.335,196,0.222
113,10.39,96,0.128
114,10.4,506,0.102
115,10.515,506,0.03
116,10.515,327,0.281
117,10.555,50,0.071
118,10.615,529,1.217
119,10.68,421,0.201
120,10.705,47,0.015
121,10.74,517,0.071
122,10.775,529,0.055
123,10.795,167,0.224
124,10.805,487,0.024
125,10.85,42,0.368
126,10.865,456,0.029
127,10.93,239,0.054
128,11.295,485,0.083
129,11.32,132,0.009
130,11.915,441,0.004
131,12.145,37,0.998
132,12.24,308,0.783
133,15.02,62,0.705
134,15.02,69,0.559
135,15.06,472,1.112
136,15.08,218,0.013
137,15.085,427,0.277
138,15.085,333,0.05
139,15.085,17,0.377
140,15.11,124,0.134
141,15.13,326,0.604
142,15.13,341,0.0
143,15.14,288,0.0
144,15.185,247,0.289
145,15.19,444,0.309
146,15.22,64,0.083
147,15.22,36,0.613
148,15.245,392,0.07
149,15.245,123,0.182
150,15.25,128,0.027
151,15.255,386,0.0
152,15.285,22,0.156
153,15.32,191,0.076
154,15.345,334,0.023
155,15.345,463,0.557
156,15.385,383,0.207
157,15.43,411,0.049
158,15.46,429,0.655
159,15.515,25,0.002
160,15.53,184,0.262
161,15.575,345,1.085
162,15.58,48,0.611
163,15.605,547,0.489
164,15.635,273,0.1
165,15.64,219,0.0
166,15.71,505,0.038
167,15.72,398,0.432
168,15.77,522,0.001
169,15.835,560,0.001
170,15.855,394,0.155
171,15.86,433,0.464
172,15.86,21,0.111
173,15.885,7,0.262
174,15.905,497,0.363
175,16.03,278,0.571
176,16.1,219,0.376
177,16.195,271,0.0
178,16.305,543,0.39
179,16.63,51,0.388
180,17.635,348,0.019
181,20.015,329,0.037
182,20.03,322,0.159
183,20.03,567,0.514
184,20.04,234,0.127
185,20.045,110,0.003
186,20.045,151,0.117
187,20.08,155,0.456
188,20.09,196,0.0
189,20.135,12,0.511
190,20.15,421,1.333
191,20.165,279,0.0
192,20.18,600,0.123
193,20.2,296,0.217
194,20.2,386,0.444
195,20.235,134,0.001
196,20.255,463,0.006
197,20.265,365,0.015
198,20.28,270,0.013
199,20.285,259,1.004
200,20.285,557,0.188
201,20.315,523,0.185
202,20.36,207,0.553
203,20.365,360,0.141
204,20.375,247,0.075
205,20.415,263,0.011
206,20.45,37,0.331
207,20.465,36,0.401
208,20.485,594,0.117
209,20.5,91,0.447
210,20.525,166,0.339
211,20.58,128,0.082
212,20.6,389,0.068
213,20.61,135,0.003
214,20.61,262,0.043
215,20.63,325,0.001
216,20.67,456,0.073
217,20.705,410,0.049
218,20.725,241,0.016
219,20.77,326,0.183
220,20.775,520,0.543
221,20.815,534,0.007
222,20.855,328,0.494
223,21.2,121,0.002
224,22.065,117,0.383
225,22.11,572,0.27
226,22.54,7,0.546
227,25.03,322,0.044
228,25.04,72,1.867
229,25.075,458,0.081
230,25.11,341,0.226
231,25.135,225,0.236
232,25.135,532,0.043
233,25.14,548,0.023
234,25.19,326,0.008
235,25.215,288,0.22
236,25.215,220,0.112
237,25.24,241,0.039
238,25.275,110,0.001
239,25.34,66,0.031
240,25.37,132,0.762
241,25.48,207,0.726
242,25.505,580,0.619
243,25.61,106,0.699
244,25.645,532,0.113
245,25.65,299,1.901
246,25.705,213,0.001
247,25.71,217,0.004
248,25.76,143,0.231
249,25.775,264,0.346
250,25.945,282,0.107
251,25.97,530,0.326
252,26.095,329,0.056
253,26.53,465,0.786
254,26.71,155,0.106
255,27.385,363,0.065
256,27.56,568,0.166
257,30.0,98,0.25
258,30.01,383,0.026
259,30.03,47,0.247
260,30.03,444,0.046
261,30.04,493,0.199
262,30.05,17,0.134
263,30.05,417,0.078
264,30.08,416,0.009
265,30.095,223,1.79
266,30.1,306,0.091
267,30.13,586,0.203
268,30.14,224,1.521
269,30.16,31,0.024
270,30.195,312,0.571
271,30.2,35,0.0
272,30.205,547,0.047
273,30.22,560,0.078
274,30.25,562,0.046
275,30.26,254,0.264
276,30.27,299,0.065
277,30.295,362,0.604
278,30.405,297,0.172
279,30.415,263,0.339
280,30.415,281,0.0
281,30.435,116,0.043
282,30.48,28,0.123
283,30.495,375,0.466
284,30.5,259,0.07
285,30.51,200,0.252
286,30.58,377,0.001
287,30.635,194,0.156
288,30.67,68,0.068
289,30.72,455,0.002
290,30.725,481,0.003
291,30.77,120,0.021
292,30.85,217,1.07
293,30.85,44,0.125
294,31.08,272,0.063
295,31.085,274,0.008
296,31.105,537,0.286
297,31.285,248,0.023
298,31.4,470,0.291
299,31.475,376,0.557
300,31.635,561,0.089
301,31.705,172,0.614
302,31.885,126,0.132
303,35.005,319,0.799
304,35.01,510,0.623
305,35.015,552,0.002
306,35.055,377,0.474
307,35.055,522,0.014
308,35.065,386,0.147
309,35.065,213,0.003
310,35.105,565,0.587
311,35.115,582,0.121
312,35.125,19,0.002
313,35.125,590,0.025
314,35.135,325,0.026
315,35.14,435,0.281
316,35.15,372,0.376
317,35.155,51,0.094
318,35.155,162,0.24
319,35.165,156,0.012
320,35.165,256,0.031
321,35.195,240,0.137
322,35.235,145,0.001
323,35.315,150,0.2
324,35.37,306,0.062
325,35.375,399,0.005
326,35.38,303,0.226
327,35.38,255,0.527
328,35.405,341,0.067
329,35.415,265,0.055
330,35.44,66,0.662
331,35.465,470,0.398
332,35.475,446,0.096
333,35.5,477,0.422
334,35.52,239,0.099
335,35.525,505,0.033
336,35.64,258,0.003
337,35.645,92,0.082
338,35.68,366,0.047
339,35.705,436,0.1
340,35.71,353,0.248
341,35.72,301,0.26
342,35.725,600,0.918
343,35.83,174,0.008
344,36.02,102,0.122
345,36.05,352,0.0
346,36.175,1,0.123
347,36.215,573,0.288
348,36.42,482,0.848
349,36.57,230,0.5
350,36.57,597,3.148
351,36.675,405,0.263
352,36.86,89,0.005
353,40.01,79,0.058
354,40.015,44,0.021
355,40.03,402,0.029
356,40.05,514,0.332
357,40.05,207,0.026
358,40.05,146,0.567
359,40.055,67,0.401
360,40.055,5,2.644
361,40.105,272,0.026
362,40.14,523,0.512
363,40.145,435,0.174
364,40.17,51,0.284
365,40.18,470,0.38
366,40.18,268,0.021
367,40.195,240,0.1
368,40.265,365,0.118
369,40.275,289,0.641
370,40.32,309,0.043
371,40.335,162,0.0
372,40.36,431,1.494
373,40.37,378,0.038
374,40.37,388,0.122
375,40.38,406,0.001
376,40.4,462,0.075
377,40.44,550,0.281
378,40.445,553,0.112
379,40.55,107,0.094
380,40.62,487,0.637
381,40.695,430,0.014
382,40.695,378,0.375
383,40.705,365,0.058
384,40.705,22,0.042
385,40.74,239,0.295
386,40.815,49,0.32
387,40.83,135,0.73
388,40.86,348,0.007
389,41.095,68,0.099
390,41.175,31,0.004
391,41.385,595,0.026
392,41.455,406,0.18
393,41.61,385,0.014
394,41.71,153,0.021
395,42.43,446,0.112
396,45.01,243,0.049
397,45.01,324,0.286
398,45.015,279,0.235
399,45.02,446,0.002
400,45.02,94,0.102
401,45.08,190,0.092
402,45.09,108,0.354
403,45.095,34,0.027
404,45.095,394,0.029
405,45.105,541,0.036
406,45.135,27,0.099
407,45.14,563,0.257
408,45.16,556,0.384
409,45.165,562,0.597
410,45.225,269,0.005
411,45.25,298,0.024
412,45.27,102,0.173
413,45.315,405,0.485
414,45.32,580,0.041
415,45.37,362,1.033
416,45.38,436,0.725
417,45.38,261,0.027
418,45.38,547,0.155
419,45.4,78,0.035
420,45.42,201,0.003
421,45.485,597,0.194
422,45.535,236,0.156
423,45.535,25,0.217
424,45.555,117,0.434
425,45.56,195,0.002
426,45.61,341,0.0
427,45.74,500,0.26
428,45.745,401,0.001
429,45.87,409,0.866
430,46.0,574,0.124
431,46.08,290,0.004
432,46.285,107,0.0
433,46.5,397,0.181
434,47.01,300,0.002
435,47.055,489,0.033
436,47.36,540,0.028
437,50.005,191,0.424
438,50.005,231,0.824
439,50.025,302,0.1
440,50.03,194,0.037
441,50.07,113,1.634
442,50.115,142,0.262
443,50.12,55,0.136
444,50.17,437,0.358
445,50.175,151,0.103
446,50.21,190,0.934
447,50.215,105,0.129
448,50.225,319,0.06
449,50.235,362,1.262
450,50.24,91,0.468
451,50.24,25,0.274
452,50.245,588,0.399
453,50.28,167,0.065
454,50.28,48,1.214
455,50.33,543,0.299
456,50.345,551,0.105
457,50.37,146,0.13
458,50.385,595,0.18
459,50.405,279,0.495
460,50.415,475,0.096
461,50.465,264,0.636
462,50.55,558,0.435
463,50.57,165,0.189
464,50.595,487,0.399
465,50.645,531,0.182
466,50.65,3,0.055
467,50.655,230,0.068
468,50.745,536,0.29
469,50.77,280,0.307
470,50.78,183,0.01
471,50.82,498,0.69
472,50.84,547,0.229
473,50.915,290,0.042
474,51.045,25,0.309
475,51.05,181,0.455
476,51.125,236,0.495
477,51.185,482,0.241
478,51.24,368,0.007
479,51.525,453,0.063
480,51.81,75,0.647
481,52.26,384,0.851
482,55.02,101,0.044
483,55.025,262,0.014
484,55.04,120,0.19
485,55.06,139,0.28
486,55.07,187,0.074
487,55.085,314,0.0
488,55.11,362,0.734
489,55.13,505,0.013
490,55.18,272,0.142
491,55.2,375,0.358
492,55.215,4,0.0
493,55.29,459,0.562
494,55.36,118,0.015
495,55.37,126,0.306
496,55.385,507,0.026
497,55.4,46,0.196
498,55.415,585,0.345
499,55.42,104,0.025
500,55.425,86,0.047
501,55.445,133,0.001
502,55.485,11,0.054
503,55.495,405,0.009
504,55.495,82,0.558
505,55.535,590,1.357
506,55.6,94,0.037
507,55.6,241,0.078
508,55.635,19,0.664
509,55.69,578,0.498
510,55.895,331,0.006
511,55.925,163,0.144
512,55.95,358,0.014
513,56.02,532,0.07
514,56.035,489,0.38
515,56.06,365,0.035
516,56.16,80,0.013
517,56.525,30,0.308
518,56.56,14,0.016
519,56.56,220,0.605
520,56.69,462,0.972
521,56.91,408,0.132
522,60.01,302,0.956
523,60.01,366,0.019
524,60.02,493,0.155
525,60.02,76,0.302
526,60.05,67,0.154
527,60.06,121,0.153
528,60.07,590,0.0
529,60.08,148,0.128
530,60.09,145,0.015
531,60.115,527,0.477
532,60.125,526,0.873
533,60.14,42,0.271
534,60.14,116,0.397
535,60.155,474,0.003
536,60.17,81,1.302
537,60.175,8,1.092
538,60.195,542,0.246
539,60.21,182,0.104
540,60.22,562,0.412
541,60.23,517,0.167
542,60.23,194,0.03
543,60.25,255,0.239
544,60.265,305,0.318
545,60.27,334,0.105
546,60.39,477,0.967
547,60.5,539,0.208
548,60.5,201,0.138
549,60.53,307,0.004
550,60.55,347,0.006
551,60.56,65,0.863
552,60.575,29,0.001
553,60.59,70,0.033
554,60.635,192,0.321
555,60.645,269,0.026
556,60.65,457,0.145
557,60.73,352,2.205
558,60.745,204,0.011
559,60.755,203,1.213
560,60.85,80,0.086
561,60.965,346,0.561
562,60.985,244,0.304
563,60.995,27,0.042
564,61.08,29,0.042
565,61.21,302,0.121
566,61.435,543,0.011
567,61.585,314,0.241
568,61.615,222,0.613
569,62.41,512,0.008
570,65.02,102,0.0
571,65.035,545,1.396
572,65.035,149,0.37
573,65.04,38,0.333
574,65.04,13,0.141
575,65.04,542,1.245
576,65.04,417,0.034
577,65.05,455,0.117
578,65.055,323,0.237
579,65.06,203,0.451
580,65.06,139,0.249
581,65.07,32,0.067
582,65.075,91,0.121
583,65.095,39,1.193
584,65.095,218,0.208
585,65.105,410,0.161
586,65.14,123,0.0
587,65.19,448,0.016
588,65.205,319,0.02
589,65.225,84,0.027
590,65.23,384,2.157
591,65.235,183,0.135
592,65.24,394,0.087
593,65.295,555,0.256
594,65.305,67,0.027
595,65.31,573,1.069
596,65.33,446,0.032
597,65.33,364,0.656
598,65.345,168,0.111
599,65.35,392,0.011
600,65.35,258,0.519
601,65.36,85,0.189
602,65.415,368,0.864
603,65.435,259,0.012
604,65.475,25,0.026
605,65.495,222,0.049
606,65.505,336,0.034
607,65.505,479,0.01
608,65.555,403,0.395
609,65.57,267,0.479
610,65.57,352,0.303
611,65.615,459,0.02
612,65.655,486,0.209
613,65.71,558,0.046
614,65.72,515,0.152
615,65.745,92,0.07
616,65.805,86,0.731
617,65.81,337,0.703
618,65.89,163,0.002
619,65.94,37,1.181
620,65.955,550,0.752
621,66.14,491,0.058
622,66.245,26,0.539
623,66.335,378,0.117
624,66.39,389,0.088
625,66.505,158,0.093
626,66.63,48,0.277
627,66.885,73,0.006
628,70.0,175,0.559
629,70.01,270,1.093
630,70.01,419,0.023
631,70.04,497,0.86
632,70.04,52,0.038
633,70.045,353,0.0
634,70.045,570,0.32
635,70.05,565,0.104
636,70.055,308,0.021
637,70.065,171,0.004
638,70.065,428,0.035
639,70.11,226,0.016
640,70.12,169,0.132
641,70.13,54,0.04
642,70.135,396,0.242
643,70.14,553,0.002
644,70.14,384,0.542
645,70.145,371,0.079
646,70.15,317,0.176
647,70.155,513,0.438
648,70.185,386,0.001
649,70.225,367,0.084
650,70.24,305,0.004
651,70.25,361,0.205
652,70.25,52,0.025
653,70.25,411,0.018
654,70.255,271,0.117
655,70.28,441,0.332
656,70.28,214,0.0
657,70.315,598,0.864
658,70.315,180,1.145
659,70.33,229,1.067
660,70.335,102,0.21
661,70.35,148,0.756
662,70.37,582,0.01
663,70.385,516,0.0
664,70.395,508,0.221
665,70.45,546,0.104
666,70.45,77,0.203
667,70.47,41,0.023
668,70.495,334,0.0
669,70.515,246,0.008
670,70.535,553,0.001
671,70.56,17,0.03
672,70.68,111,0.04
673,70.7,111,0.001
674,70.705,449,0.131
675,70.765,10,0.254
676,70.79,385,0.098
677,70.83,22,0.066
678,70.835,279,0.075
679,70.87,162,0.178
680,70.935,177,0.042
681,70.955,170,0.027
682,71.04,533,0.0
683,71.065,81,0.2
684,71.18,499,1.175
685,71.315,39,0.477
686,71.44,507,0.102
687,71.805,489,0.149
688,72.07,350,0.125
689,75.02,204,0.15
690,75.065,475,0.169
691,75.095,270,0.409
692,75.105,320,0.056
693,75.14,582,0.033
694,75.185,132,0.03
695,75.2,227,0.361
696,75.33,123,0.037
697,75.43,460,1.358
698,75.475,76,0.083
699,75.52,531,0.632
700,75.565,398,0.146
701,75.625,114,0.017
702,75.685,510,0.031
703,75.735,186,0.158
704,75.76,431,0.795
705,75.81,46,0.044
706,75.915,439,0.109
707,76.175,378,0.002
708,76.19,217,0.015
709,76.35,3,0.928
710,76.37,424,0.414
711,76.415,531,0.125
712,76.495,243,0.532
713,76.515,34,0.134
714,76.79,46,0.305
715,77.015,532,0.414
716,80.005,272,0.155
717,80.005,92,0.063
718,80.005,201,0.619
719,80.03,153,0.269
720,80.035,396,0.159
721,80.035,138,0.424
722,80.045,46,0.015
723,80.055,402,0.115
724,80.06,401,0.011
725,80.065,597,0.024
726,80.075,271,0.803
727,80.08,191,0.992
728,80.08,377,0.752
729,80.09,521,0.503
730,80.095,401,0.002
731,80.105,212,0.254
732,80.105,464,0.066
733,80.11,54,0.128
734,80.11,395,0.184
735,80.11,449,0.108
736,80.115,119,0.087
737,80.12,377,0.037
738,80.135,331,0.135
739,80.135,327,0.133
740,80.14,176,0.262
741,80.145,424,0.372
742,80.145,165,0.01
743,80.15,153,0.133
744,80.155,400,0.144
745,80.165,124,0.209
746,80.18,519,0.162
747,80.185,481,0.026
748,80.205,567,0.266
749,80.225,416,0.27
750,80.23,121,0.235
751,80.235,138,0.086
752,80.28,88,0.009
753,80.305,110,0.127
754,80.305,328,0.102
755,80.32,336,0.003
756,80.355,126,0.473
757,80.36,464,1.245
758,80.36,121,0.067
759,80.44,363,0.12
760,80.46,104,0.007
761,80.465,289,0.681
762,80.485,422,0.351
763,80.5,99,0.461
764,80.5,460,0.133
765,80.57,461,0.008
766,80.6,106,0.03
767,80.63,106,0.134
768,80.64,127,0.043
769,80.65,475,1.042
770,80.68,380,0.114
771,80.7,211,0.687
772,80.72,389,0.309
773,80.75,219,0.11
774,80.785,543,0.314
775,80.9,521,0.739
776,80.93,487,0.031
777,80.935,460,0.004
778,81.115,55,0.227
779,81.205,392,0.908
780,81.26,302,0.039
781,81.275,519,0.17
782,81.295,428,0.042
783,81.705,247,0.417
784,82.17,43,0.005
785,85.005,279,0.12
786,85.005,366,0.051
787,85.01,150,0.302
788,85.015,250,0.061
789,85.025,391,0.498
790,85.03,553,0.006
791,85.03,316,1.397
792,85.035,436,0.092
793,85.04,113,0.033
794,85.04,386,0.853
795,85.04,595,0.036
796,85.045,345,0.553
797,85.045,225,0.18
798,85.045,221,0.008
799,85.045,183,0.003
800,85.065,128,0.042
801,85.065,572,0.634
802,85.07,116,0.256
803,85.075,456,0.01
804,85.08,405,0.058
805,85.095,375,0.176
806,85.1,499,0.052
807,85.1,87,0.026
808,85.105,509,0.003
809,85.115,183,0.108
810,85.125,534,0.159
811,85.125,234,0.037
812,85.13,204,0.001
813,85.15,59,0.01
814,85.155,172,0.869
815,85.155,444,0.097
816,85.16,441,0.005
817,85.16,179,0.027
818,85.17,321,0.52
819,85.175,200,0.184
820,85.175,139,0.669
821,85.175,173,0.094
822,85.18,186,0.678
823,85.185,252,0.371
824,85.205,279,0.297
825,85.205,154,0.043
826,85.21,319,1.107
827,85.21,94,0.004
828,85.215,57,0.068
829,85.22,342,0.002
830,85.24,428,0.092
831,85.245,361,0.069
832,85.245,496,0.567
833,85.25,297,0.001
834,85.275,128,0.454
835,85.285,69,0.006
836,85.295,559,0.01
837,85.305,576,0.636
838,85.32,19,0.885
839,85.325,116,0.093
840,85.35,580,0.581
841,85.35,321,0.401
842,85.35,142,0.01
843,85.38,234,0.24
844,85.405,190,0.071
845,85.415,27,0.191
846,85.425,547,0.078
847,85.44,111,0.107
848,85.46,548,0.015
849,85.465,141,0.009
850,85.485,127,0.146
851,85.49,214,0.242
852,85.525,348,0.038
853,85.55,189,0.163
854,85.59,199,0.017
855,85.595,233,1.285
856,85.61,482,0.014
857,85.64,323,0.069
858,85.68,307,0.135
859,85.685,395,0.135
860,85.71,538,0.1
861,85.775,193,0.028
862,85.825,469,0.027
863,85.95,64,0.001
864,85.955,233,0.98
865,86.08,46,0.384
866,86.185,552,0.216
867,88.495,507,0.231
868,90.02,3,0.047
869,90.045,302,0.009
870,90.05,324,0.579
871,90.055,261,0.444
872,90.065,26,0.771
873,90.075,411,0.008
874,90.105,503,0.799
875,90.12,398,0.161
876,90.13,505,0.449
877,90.145,208,0.315
878,90.16,78,0.837
879,90.19,111,0.009
880,90.19,105,0.002
881,90.19,483,0.568
882,90.2,43,0.07
883,90.205,85,0.268
884,90.225,491,0.004
885,90.25,593,0.073
886,90.26,220,0.001
887,90.295,42,0.052
888,90.315,145,0.204
889,90.32,110,0.027
890,90.35,557,0.813
891,90.385,239,0.111
892,90.395,316,1.298
893,90.42,183,1.484
894,90.455,204,0.347
895,90.46,70,0.077
896,90.47,365,0.14
897,90.685,246,1.034
898,90.715,328,0.207
899,90.915,372,0.406
900,90.97,560,0.069
901,91.335,317,0.055
902,91.925,251,0.272
903,93.84,121,0.005
904,95.03,233,0.001
905,95.03,575,0.03
906,95.035,10,0.017
907,95.055,185,0.133
908,95.06,380,0.339
909,95.065,115,0.303
910,95.065,483,0.126
911,95.065,391,0.007
912,95.115,314,0.054
913,95.115,525,0.106
914,95.13,19,0.002
915,95.135,513,0.001
916,95.16,520,0.392
917,95.165,370,0.145
918,95.18,503,0.43
919,95.2,148,0.0
920,95.21,225,0.491
921,95.21,141,0.771
922,95.24,473,0.014
923,95.24,166,0.18
924,95.275,401,0.224
925,95.275,471,2.178
926,95.3,565,0.477
927,95.305,207,0.017
928,95.305,376,0.273
929,95.315,101,0.03
930,95.32,340,0.746
931,95.335,279,0.653
932,95.365,240,0.074
933,95.365,248,0.079
934,95.385,246,0.089
935,95.39,145,0.016
936,95.395,263,0.005
937,95.415,60,0.048
938,95.44,119,0.11
939,95.51,346,0.003
940,95.535,171,0.331
941,95.58,49,0.938
942,95.585,174,0.081
943,95.615,190,0.017
944,95.685,78,0.012
945,95.695,255,0.076
946,95.7,290,0.001
947,95.76,390,0.166
948,95.78,284,0.02
949,95.83,132,0.012
950,95.86,259,0.689
951,95.915,76,0.029
952,95.915,402,0.085
953,95.925,149,0.007
954,95.995,171,0.013
955,96.07,64,0.007
956,96.135,163,0.021
957,96.175,290,0.094
958,96.25,63,0.523
959,96.625,293,0.001
960,96.66,78,0.645
961,96.675,348,0.197
962,100.045,142,0.619
963,100.05,274,1.105
964,100.055,59,0.03
965,100.06,456,0.046
966,100.065,537,0.0
967,100.07,578,1.895
968,100.09,231,0.088
969,100.095,61,0.001
970,100.11,163,0.429
971,100.15,347,0.003
972,100.18,375,0.024
973,100.21,29,0.002
974,100.22,174,0.068
975,100.245,476,0.117
976,100.255,305,0.019
977,100.275,430,0.718
978,100.275,486,0.011
979,100.295,83,1.468
980,100.305,599,0.124
981,100.325,571,0.081
982,100.35,294,0.066
983,100.35,142,1.093
984,100.365,295,0.007
985,100.38,458,0.115
986,100.525,579,0.022
987,100.555,301,0.55
988,100.58,597,0.483
989,100.605,185,0.114
990,100.79,112,0.099
991,101.02,486,0.087
992,101.1,172,0.382
993,101.365,334,0.127
994,101.48,157,0.254
995,101.56,366,0.317
996,101.87,129,0.0
997,102.105,497,0.072
998,102.26,357,0.036
999,105.005,351,0.011
1000,105.01,3,1.211
1001,105.015,444,0.007
1002,105.02,194,0.138
1003,105.02,551,0.014
1004,105.025,104,0.139
1005,105.03,476,0.003
1006,105.035,153,0.011
1007,105.045,88,0.012
1008,105.05,263,0.096
1009,105.055,263,0.0
1010,105.06,460,0.085
1011,105.07,447,0.113
1012,105.07,156,0.021
1013,105.075,14,0.119
1014,105.075,35,0.414
1015,105.08,383,0.698
1016,105.08,366,0.323
1017,105.085,401,0.984
1018,105.085,210,0.253
1019,105.095,85,0.276
1020,105.1,471,0.309
1021,105.105,309,0.001
1022,105.13,392,0.314
1023,105.135,593,0.444
1024,105.135,41,0.354
1025,105.145,19,0.274
1026,105.145,357,0.467
1027,105.15,116,0.093
1028,105.15,434,0.135
1029,105.16,481,0.211
1030,105.165,545,0.0
1031,105.2,332,0.099
1032,105.2,323,0.007
1033,105.225,64,0.466
1034,105.225,455,0.008
1035,105.25,23,0.947
1036,105.25,261,0.004
1037,105.26,557,0.033
1038,105.28,157,0.768
1039,105.29,577,0.001
1040,105.34,319,0.321
1041,105.345,205,0.0
1042,105.345,315,0.011
1043,105.355,55,0.03
1044,105.37,498,0.031
1045,105.415,375,0.032
1046,105.435,151,0.183
1047,105.435,54,1.269
1048,105.46,575,0.361
1049,105.465,248,0.02
1050,105.49,369,0.25
1051,105.5,398,0.003
1052,105.52,248,1.135
1053,105.535,554,0.017
1054,105.535,180,0.078
1055,105.705,416,0.042
1056,105.715,90,0.018
1057,105.725,583,0.504
1058,105.73,235,0.248
1059,105.76,572,0.386
1060,105.82,264,0.375
1061,105.9,385,0.298
1062,105.915,499,0.202
1063,105.95,346,0.165
1064,105.965,178,0.605
1065,106.055,387,0.006
1066,106.115,40,0.178
1067,106.14,24,0.343
1068,106.155,467,0.592
1069,106.175,318,0.177
1070,106.51,369,0.677
1071,106.56,290,0.0
1072,106.825,74,0.002
1073,110.01,410,0.003
1074,110.055,165,0.233
1075,110.11,204,0.388
1076,110.12,499,0.342
1077,110.145,465,0.051
1078,110.15,99,0.124
1079,110.175,428,0.002
1080,110.2,352,0.113
1081,110.21,546,0.312
1082,110.22,590,1.275
1083,110.225,278,0.036
1084,110.23,229,0.001
1085,110.235,561,0.015
1086,110.25,19,0.015
1087,110.25,26,0.019
1088,110.285,479,0.039
1089,110.305,261,0.001
1090,110.31,526,1.816
1091,110.36,528,0.137
1092,110.365,468,0.153
1093,110.44,193,0.241
1094,110.45,77,0.233
1095,110.46,26,0.649
1096,110.485,421,0.033
1097,110.51,42,0.199
1098,110.525,173,0.162
1099,110.63,558,0.018
1100,110.7,77,0.172
1101,110.72,168,0.093
1102,110.785,123,0.491
1103,110.86,337,0.002
1104,110.99,148,0.064
1105,111.065,411,0.004
1106,111.12,264,0.448
1107,111.49,107,1.079
1108,111.51,118,0.007
1109,111.72,179,0.791
1110,111.825,426,0.129
1111,112.375,508,0.001
1112,115.005,74,0.131
1113,115.02,466,0.137
1114,115.03,176,0.004
1115,115.085,215,0.037
1116,115.115,363,0.119
1117,115.115,122,0.021
1118,115.175,83,0.092
1119,115.19,600,0.153
1120,115.2,370,0.123
1121,115.23,405,0.198
1122,115.235,199,0.254
1123,115.24,578,0.207
1124,115.255,578,0.002
1125,115.32,416,0.021
1126,115.335,345,0.251
1127,115.355,277,0.051
1128,115.36,377,0.063
1129,115.39,2,0.074
1130,115.455,162,0.682
1131,115.465,515,0.68
1132,115.47,377,0.007
1133,115.47,560,1.253
1134,115.57,134,0.062
1135,115.585,91,0.0
1136,115.585,106,0.196
1137,115.775,364,0.0
1138,115.805,592,0.426
1139,115.905,126,0.027
1140,116.03,586,0.335
1141,116.035,13,0.397
1142,116.135,537,0.095
1143,116.27,318,0.001
1144,116.28,512,0.094
1145,116.365,48,0.264
1146,118.395,522,0.006
1147,120.005,256,0.505
1148,120.01,539,0.291
1149,120.015,123,0.014
1150,120.025,177,0.414
1151,120.03,447,0.013
1152,120.03,85,0.253
1153,120.035,125,0.043
1154,120.045,26,0.002
1155,120.065,69,0.341
1156,120.085,391,0.466
1157,120.085,285,0.127
1158,120.095,82,0.001
1159,120.105,578,0.424
1160,120.105,438,0.478
1161,120.105,358,0.476
1162,120.13,424,0.329
1163,120.13,44,0.01
1164,120.14,301,0.292
1165,120.14,185,0.009
1166,120.15,109,0.004
1167,120.15,343,0.244
1168,120.17,184,0.047
1169,120.175,125,0.124
1170,120.175,504,0.068
1171,120.175,403,0.145
1172,120.175,453,0.051
1173,120.18,448,0.166
1174,120.18,55,0.077
1175,120.18,497,0.104
1176,120.185,305,0.222
1177,120.19,253,0.049
1178,120.21,510,0.025
1179,120.215,284,0.118
1180,120.22,121,0.009
1181,120.245,227,0.241
1182,120.255,38,0.487
1183,120.275,380,0.169
1184,120.285,157,0.096
1185,120.315,354,0.047
1186,120.315,257,0.305
1187,120.325,518,0.001
1188,120.345,229,0.02
1189,120.36,590,0.35
1190,120.36,423,0.088
1191,120.365,48,0.014
1192,120.37,255,0.0
1193,120.38,82,0.305
1194,120.38,581,0.032
1195,120.39,258,0.001
1196,120.395,314,0.037
1197,120.4,592,0.542
1198,120.4,402,0.019
1199,120.405,36,0.154
1200,120.41,587,0.218
1201,120.46,273,0.301
1202,120.485,262,0.002
1203,120.495,304,0.556
1204,120.505,230,0.045
1205,120.535,47,0.023
1206,120.54,287,0.122
1207,120.55,25,0.383
1208,120.6,373,0.464
1209,120.63,9,0.013
1210,120.635,93,0.023
1211,120.635,587,0.027
1212,120.64,182,0.015
1213,120.66,245,1.161
1214,120.67,112,0.156
1215,120.68,229,0.012
1216,120.68,279,0.376
1217,120.75,436,0.01
1218,120.79,545,0.146
1219,120.79,581,0.603
1220,120.82,223,0.082
1221,120.945,518,0.024
1222,120.99,511,0.522
1223,121.08,424,0.26
1224,121.145,377,0.0
1225,121.205,422,0.0
1226,121.425,390,0.094
1227,121.445,321,0.143
1228,121.965,157,1.159
1229,125.035,503,0.888
1230,125.035,262,0.005
1231,125.045,190,0.301
1232,125.06,46,0.004
1233,125.135,157,0.965
1234,125.135,435,0.09
1235,125.14,506,0.083
1236,125.18,587,0.005
1237,125.18,580,0.33
1238,125.205,541,0.84
1239,125.235,265,0.275
1240,125.24,224,0.217
1241,125.29,368,0.235
1242,125.315,51,0.08
1243,125.345,333,0.738
1244,125.425,597,0.668
1245,125.435,368,0.021
1246,125.455,314,0.215
1247,125.545,482,0.002
1248,125.55,556,0.016
1249,125.65,121,0.097
1250,125.73,538,0.034
1251,125.825,20,0.004
1252,125.95,535,0.585
1253,125.97,225,0.152
1254,125.985,252,0.259
1255,126.05,220,0.25
1256,126.265,48,0.01
1257,126.63,575,0.189
1258,126.76,168,0.314
1259,126.765,61,0.17
1260,126.87,19,0.04
1261,126.93,371,0.483
1262,130.0,45,0.124
1263,130.03,176,1.089
1264,130.05,61,0.482
1265,130.06,381,0.925
1266,130.075,325,0.016
1267,130.09,281,0.2
1268,130.105,408,1.513
1269,130.11,427,0.37
1270,130.115,338,0.002
1271,130.115,342,1.884
1272,130.13,144,0.062
1273,130.13,496,0.136
1274,130.14,44,0.16
1275,130.145,3,0.706
1276,130.15,384,0.202
1277,130.16,472,0.695
1278,130.16,461,0.082
1279,130.165,429,0.019
1280,130.17,437,0.008
1281,130.175,500,0.025
1282,130.195,32,0.183
1283,130.195,183,0.206
1284,130.205,231,1.603
1285,130.225,312,0.145
1286,130.23,243,0.086
1287,130.25,200,0.029
1288,130.28,551,0.162
1289,130.285,90,1.221
1290,130.33,593,0.41
1291,130.34,216,0.435
1292,130.375,255,0.068
1293,130.375,270,0.358
1294,130.38,506,0.027
1295,130.38,60,0.001
1296,130.415,391,1.166
1297,130.445,380,1.099
1298,130.5,84,1.058
1299,130.515,103,0.646
1300,130.525,527,0.113
1301,130.535,543,0.155
1302,130.605,558,0.055
1303,130.65,269,0.119
1304,130.72,119,0.303
1305,130.725,133,2.016
1306,130.83,200,0.315
1307,130.86,68,0.069
1308,130.865,311,0.015
1309,131.03,288,0.017
1310,131.2,109,0.013
1311,131.25,91,0.188
1312,131.265,83,1.641
1313,131.36,131,0.004
1314,131.385,410,0.392
1315,131.45,171,1.176
1316,131.555,412,0.309
1317,132.01,144,0.014
1318,135.005,104,0.069
1319,135.005,386,0.38
1320,135.015,328,0.051
1321,135.02,538,0.725
1322,135.035,519,0.17
1323,135.035,269,0.134
1324,135.04,110,0.163
1325,135.045,590,0.104
1326,135.05,517,0.511
1327,135.09,274,0.129
1328,135.135,426,0.09
1329,135.15,562,1.959
1330,135.155,406,0.64
1331,135.155,278,0.256
1332,135.17,470,0.018
1333,135.215,423,0.074
1334,135.22,304,1.879
1335,135.24,498,0.091
1336,135.305,160,0.205
1337,135.37,433,0.395
1338,135.42,565,0.558
1339,135.425,486,0.011
1340,135.475,221,0.019
1341,135.82,154,0.028
1342,135.835,597,0.236
1343,135.985,72,0.048
1344,136.14,531,0.222
1345,136.3,23,0.005
1346,136.485,340,0.01
1347,136.505,164,0.919
1348,137.035,392,0.11
1349,138.155,283,0.796
1350,140.0,456,0.126
1351,140.015,288,0.011
1352,140.02,18,0.173
1353,140.04,429,0.021
1354,140.115,429,0.001
1355,140.125,430,0.016
1356,140.15,537,0.069
1357,140.16,233,0.545
1358,140.19,419,0.011
1359,140.205,464,0.149
1360,140.205,324,0.079
1361,140.205,64,0.448
1362,140.23,269,0.004
1363,140.38,161,0.01
1364,140.435,556,0.027
1365,140.485,441,0.116
1366,140.515,34,0.027
1367,140.525,524,0.062
1368,140.525,463,1.469
1369,140.56,388,0.183
1370,140.655,18,0.012
1371,140.665,193,0.057
1372,140.72,129,0.719
1373,140.775,61,0.022
1374,140.855,180,0.041
1375,140.96,600,0.001
1376,140.98,403,0.079
1377,140.99,200,1.042
1378,141.12,459,0.219
1379,141.125,503,0.012
1380,141.54,168,0.322
1381,141.81,460,0.091
1382,143.04,388,0.074
1383,145.0,457,0.012
1384,145.01,256,0.35
1385,145.02,83,0.685
1386,145.02,104,0.167
1387,145.03,260,0.193
1388,145.04,493,0.002
1389,145.055,215,0.0
1390,145.06,414,0.0
1391,145.06,367,0.703
1392,145.065,375,0.99
1393,145.07,112,0.369
1394,145.07,278,0.311
1395,145.075,308,0.772
1396,145.075,244,0.091
1397,145.125,386,0.017
1398,145.135,67,0.128
1399,145.145,256,0.148
1400,145.15,302,0.107
1401,145.165,582,0.054
1402,145.17,600,0.001
1403,145.195,213,1.079
1404,145.195,371,0.019
1405,145.22,427,0.001
1406,145.225,24,0.673
1407,145.25,585,0.177
1408,145.285,241,0.138
1409,145.285,577,0.275
1410,145.295,534,0.086
1411,145.295,28,0.578
1412,145.305,266,0.909
1413,145.315,8,0.229
1414,145.32,76,0.144
1415,145.335,525,0.141
1416,145.34,226,0.046
1417,145.345,265,0.022
1418,145.36,55,0.323
1419,145.38,541,0.142
1420,145.395,343,0.58
1421,145.41,149,0.133
1422,145.42,483,0.004
1423,145.425,142,0.088
1424,145.44,437,0.056
1425,145.44,106,0.235
1426,145.445,2,0.063
1427,145.48,356,0.304
1428,145.52,367,0.184
1429,145.58,523,0.78
1430,145.585,313,0.416
1431,145.585,77,0.201
1432,145.59,555,0.313
1433,145.64,252,0.423
1434,145.675,507,1.019
1435,145.68,591,0.314
1436,145.695,340,0.163
1437,145.715,218,0.067
1438,145.74,239,0.208
1439,145.75,308,0.446
1440,145.785,360,0.129
1441,145.79,492,0.005
1442,145.795,500,0.023
1443,145.805,417,0.003
1444,145.835,565,0.254
1445,145.87,286,0.017
1446,145.88,221,0.002
1447,145.885,425,0.017
1448,146.015,68,0.162
1449,146.05,79,0.019
1450,146.18,350,2.003
1451,146.515,517,0.096
1452,146.605,408,0.003
1453,146.685,299,0.492
1454,150.005,264,0.007
1455,150.04,344,0.002
1456,150.075,234,0.209
1457,150.09,464,0.191
1458,150.105,235,0.0
1459,150.115,185,0.041
1460,150.125,136,0.065
1461,150.145,482,1.244
1462,150.145,73,0.016
1463,150.155,496,0.091
1464,150.175,570,0.047
1465,150.19,184,0.183
1466,150.195,312,0.032
1467,150.215,217,0.151
1468,150.22,584,0.484
1469,150.235,238,0.055
1470,150.24,129,0.185
1471,150.25,494,0.671
1472,150.265,527,0.103
1473,150.445,1,1.063
1474,150.46,513,0.239
1475,150.465,516,0.512
1476,150.54,471,0.017
1477,150.59,521,0.068
1478,150.6,474,0.0
1479,150.665,350,0.13
1480,150.675,490,1.178
1481,150.68,211,0.009
1482,150.695,129,0.322
1483,150.73,94,0.004
1484,150.74,29,0.623
1485,150.785,460,0.023
1486,150.825,118,0.004
1487,150.83,332,1.003
1488,150.945,373,0.271
1489,151.3,135,0.001
1490,151.44,57,0.004
1491,151.47,578,0.203
1492,151.84,61,0.105
1493,151.945,430,0.271
1494,151.975,435,0.016
1495,155.02,313,0.015
1496,155.02,417,0.01
1497,155.035,126,0.012
1498,155.075,378,0.002
1499,155.085,292,0.012
1500,155.085,353,0.0
1501,155.09,508,0.544
1502,155.105,435,0.031
1503,155.12,217,0.708
1504,155.13,173,0.381
1505,155.135,539,0.033
1506,155.135,177,0.027
1507,155.2,555,0.004
1508,155.225,580,0.009
1509,155.255,370,0.062
1510,155.27,59,0.093
1511,155.285,493,0.007
1512,155.32,287,1.134
1513,155.405,26,0.002
1514,155.405,427,0.506
1515,155.405,157,0.556
1516,155.43,495,0.005
1517,155.46,21,0.196
1518,155.475,248,0.001
1519,155.48,559,0.207
1520,155.565,393,0.782
1521,155.575,500,0.113
1522,155.69,112,0.227
1523,155.875,217,0.82
1524,155.88,279,0.613
1525,155.905,358,0.004
1526,156.015,80,0.012
1527,156.035,122,1.524
1528,156.2,487,0.876
1529,156.395,337,0.001
1530,156.42,11,0.074
1531,156.835,247,0.002
1532,156.86,389,0.269
1533,157.31,471,0.056
1534,160.06,223,0.024
1535,160.1,538,0.026
1536,160.145,253,0.002
1537,160.15,293,0.095
1538,160.16,162,0.014
1539,160.22,501,0.49
1540,160.265,515,0.765
1541,160.265,41,0.842
1542,160.29,582,0.025
1543,160.375,123,0.0
1544,160.41,544,0.072
1545,160.425,427,0.634
1546,160.45,106,0.291
1547,160.475,34,0.069
1548,160.525,455,0.55
1549,160.55,450,0.803
1550,160.56,444,1.406
1551,160.585,507,0.249
1552,160.6,17,0.005
1553,160.63,266,0.233
1554,160.65,465,0.018
1555,160.69,206,0.0
1556,160.72,469,0.023
1557,160.885,484,0.291
1558,161.085,586,0.125
1559,161.245,227,0.003
1560,162.065,579,0.009
1561,162.33,400,0.102
1562,162.67,199,0.375
1563,165.0,298,0.0
1564,165.045,253,0.569
1565,165.06,6,0.204
1566,165.07,294,0.101
1567,165.075,217,0.13
1568,165.075,385,0.635
1569,165.11,6,0.448
1570,165.16,283,1.054
1571,165.17,312,0.273
1572,165.19,414,0.986
1573,165.215,18,0.028
1574,165.225,328,0.181
1575,165.26,233,0.063
1576,165.275,138,0.002
1577,165.295,326,0.074
1578,165.295,371,0.03
1579,165.305,148,0.129
1580,165.33,75,0.0
1581,165.385,264,0.924
1582,165.395,181,0.114
1583,165.4,324,1.013
1584,165.445,594,0.084
1585,165.455,377,0.23
1586,165.455,25,0.144
1587,165.495,33,0.692
1588,165.505,427,0.382
1589,165.52,171,0.116
1590,165.525,587,0.106
1591,165.535,378,0.057
1592,165.555,84,0.05
1593,165.57,420,0.022
1594,165.585,423,0.002
1595,165.605,330,0.043
1596,165.61,63,0.003
1597,165.635,87,0.009
1598,165.65,292,0.002
1599,165.74,572,0.102
1600,165.75,38,0.291
1601,165.78,10,0.066
1602,165.895,191,0.024
1603,166.035,248,0.0
1604,166.075,432,0.398
1605,166.36,118,0.004
1606,166.545,318,0.039
1607,166.615,340,0.006
1608,166.845,400,0.038
1609,167.075,215,0.009
1610,170.005,413,0.093
1611,170.005,4,0.797
1612,170.03,182,0.022
1613,170.035,518,0.065
1614,170.045,35,0.087
1615,170.05,516,0.203
1616,170.05,182,0.314
1617,170.055,165,0.521
1618,170.065,225,0.012
1619,170.07,442,0.086
1620,170.105,254,0.075
1621,170.125,489,0.087
1622,170.185,5,0.108
1623,170.205,450,0.99
1624,170.21,410,0.483
1625,170.24,391,1.849
1626,170.26,200,0.452
1627,170.295,306,0.024
1628,170.315,388,0.0
1629,170.345,63,0.128
1630,170.385,261,0.131
1631,170.395,92,0.71
1632,170.445,53,0.037
1633,170.455,51,0.154
1634,170.475,5,0.093
1635,170.485,8,0.034
1636,170.49,144,0.036
1637,170.49,49,0.01
1638,170.51,305,0.295
1639,170.51,496,0.424
1640,170.535,551,0.012
1641,170.545,484,0.001
1642,170.6,374,0.599
1643,170.635,124,0.013
1644,170.67,27,0.615
1645,170.74,177,0.128
1646,170.75,188,0.218
1647,170.765,547,0.016
1648,170.775,588,0.0
1649,170.9,89,0.0
1650,170.965,496,0.016
1651,170.99,384,0.594
1652,171.12,220,0.011
1653,171.665,140,0.075
1654,171.955,28,0.0
1655,172.75,386,0.73
1656,175.025,273,0.013
1657,175.035,526,0.088
1658,175.075,579,0.005
1659,175.095,154,0.424
1660,175.1,471,0.082
1661,175.145,194,0.044
1662,175.145,302,0.139
1663,175.15,188,0.009
1664,175.18,277,0.97
1665,175.245,426,0.258
1666,175.295,469,0.07
1667,175.31,140,0.515
1668,175.31,600,0.385
1669,175.32,394,0.315
1670,175.375,477,0.017
1671,175.425,545,0.084
1672,175.425,225,0.306
1673,175.495,351,0.268
1674,175.52,447,0.401
1675,175.635,267,0.019
1676,175.685,301,0.37
1677,175.855,352,1.319
1678,175.93,252,0.042
1679,175.955,339,0.001
1680,176.04,8,0.025
1681,176.73,252,0.096
1682,176.81,318,0.479
1683,176.895,149,0.043
1684,178.015,176,0.078
1685,180.01,81,0.003
1686,180.01,479,0.703
1687,180.015,353,0.001
1688,180.025,480,0.003
1689,180.05,378,0.236
1690,180.065,300,0.156
1691,180.07,134,0.0
1692,180.07,315,0.003
1693,180.085,163,0.134
1694,180.095,404,0.061
1695,180.1,186,0.008
1696,180.105,168,0.599
1697,180.11,269,0.565
1698,180.11,147,0.458
1699,180.115,360,0.79
1700,180.115,39,0.0
1701,180.145,109,0.12
1702,180.145,338,0.187
1703,180.155,519,0.036
1704,180.17,538,0.278
1705,180.215,586,0.372
1706,180.255,517,0.298
1707,180.285,264,0.037
1708,180.285,248,0.347
1709,180.305,14,1.179
1710,180.33,535,0.144
1711,180.355,405,0.179
1712,180.36,189,0.003
1713,180.365,206,0.179
1714,180.385,407,0.122
1715,180.39,326,0.002
1716,180.39,154,0.418
1717,180.435,305,0.06
1718,180.45,48,1.333
1719,180.46,424,0.281
1720,180.52,510,0.075
1721,180.545,391,0.179
1722,180.56,535,0.545
1723,180.56,390,0.176
1724,180.59,65,0.018
1725,180.6,256,0.119
1726,180.645,2,0.128
1727,180.65,41,0.053
1728,180.67,179,0.044
1729,180.735,32,0.274
1730,180.75,134,0.057
1731,180.78,208,0.273
1732,180.785,485,0.002
1733,180.795,386,0.297
1734,180.92,203,0.244
1735,181.2,445,0.062
1736,181.205,225,0.123
1737,181.915,156,0.231
1738,181.965,555,0.017
1739,182.335,235,0.329
1740,185.02,195,0.026
1741,185.02,293,0.786
1742,185.025,63,0.211
1743,185.03,472,0.01
1744,185.04,330,0.82
1745,185.055,402,0.026
1746,185.06,294,0.229
1747,185.07,474,0.181
1748,185.08,304,0.316
1749,185.09,62,0.711
1750,185.09,134,0.269
1751,185.11,274,0.024
1752,185.12,19,0.904
1753,185.125,586,0.002
1754,185.13,534,1.891
1755,185.135,328,0.019
1756,185.145,337,0.234
1757,185.155,533,0.231
1758,185.16,582,0.02
1759,185.17,354,0.3
1760,185.19,143,0.002
1761,185.19,438,0.159
1762,185.2,405,0.042
1763,185.21,532,0.037
1764,185.215,553,0.406
1765,185.23,18,0.011
1766,185.23,45,0.055
1767,185.245,71,0.004
1768,185.255,382,0.071
1769,185.28,309,0.246
1770,185.32,583,0.001
1771,185.34,557,0.075
1772,185.345,377,0.693
1773,185.345,588,0.0
1774,185.35,231,0.07
1775,185.355,94,0.172
1776,185.36,159,0.295
1777,185.395,214,0.306
1778,185.41,194,0.147
1779,185.41,113,0.325
1780,185.415,447,1.423
1781,185.42,249,0.154
1782,185.455,321,0.474
1783,185.475,432,0.379
1784,185.48,464,0.289
1785,185.51,7,0.113
1786,185.52,580,0.37
1787,185.52,549,0.099
1788,185.54,335,0.003
1789,185.58,36,0.02
1790,185.665,107,0.509
1791,185.695,149,0.004
1792,185.705,270,0.054
1793,185.73,80,0.026
1794,185.77,77,1.674
1795,185.875,290,0.359
1796,185.95,454,0.174
1797,185.96,576,0.34
1798,186.005,561,0.053
1799,186.045,33,0.302
1800,186.045,386,0.081
1801,186.44,4,0.039
1802,186.545,546,0.001
1803,186.65,230,0.663
1804,187.235,104,0.866
1805,190.02,63,0.545
1806,190.025,240,0.004
1807,190.03,468,0.189
1808,190.045,44,0.046
1809,190.045,217,0.005
1810,190.05,531,0.908
1811,190.05,401,0.001
1812,190.055,261,0.021
1813,190.055,510,0.265
1814,190.06,278,0.014
1815,190.085,389,0.051
1816,190.09,380,0.157
1817,190.11,162,0.196
1818,190.12,21,0.038
1819,190.145,303,1.575
1820,190.15,359,0.202
1821,190.155,392,0.001
1822,190.16,269,0.001
1823,190.16,170,0.001
1824,190.165,173,0.17
1825,190.18,590,0.17
1826,190.185,508,0.012
1827,190.21,565,0.315
1828,190.22,379,0.011
1829,190.23,127,0.5
1830,190.235,118,0.146
1831,190.245,4,0.864
1832,190.25,137,0.005
1833,190.29,567,0.005
1834,190.29,532,0.387
1835,190.3,456,0.007
1836,190.305,364,0.077
1837,190.315,1,0.018
1838,190.33,363,2.687
1839,190.34,521,0.004
1840,190.34,355,0.142
1841,190.345,402,0.696
1842,190.37,21,0.867
1843,190.39,430,0.825
1844,190.39,261,0.517
1845,190.425,255,0.575
1846,190.425,10,0.043
1847,190.445,272,0.056
1848,190.475,93,0.518
1849,190.49,65,0.084
1850,190.51,384,0.004
1851,190.555,396,0.212
1852,190.59,304,0.001
1853,190.6,397,0.177
1854,190.615,180,0.006
1855,190.72,333,0.057
1856,190.77,107,0.001
1857,190.78,174,2.353
1858,190.86,338,0.907
1859,190.865,401,0.073
1860,190.89,447,0.001
1861,190.965,212,1.761
1862,191.025,569,0.0
1863,191.145,196,0.051
1864,191.15,187,0.02
1865,191.35,106,0.268
1866,191.58,488,0.03
1867,191.665,350,0.239
1868,192.16,531,1.821
1869,195.045,50,0.516
1870,195.05,66,0.403
1871,195.145,92,1.005
1872,195.16,332,0.538
1873,195.175,361,0.275
1874,195.205,539,1.035
1875,195.24,266,1.241
1876,195.255,155,0.063
1877,195.27,293,0.173
1878,195.345,479,0.204
1879,195.35,230,1.724
1880,195.375,39,0.02
1881,195.4,489,0.903
1882,195.405,586,0.185
1883,195.415,56,0.021
1884,195.43,555,0.002
1885,195.565,555,0.023
1886,195.57,393,1.499
1887,195.61,410,0.246
1888,195.645,472,0.012
1889,195.775,409,0.066
1890,195.84,274,0.001
1891,195.84,145,0.001
1892,195.915,102,0.0
1893,195.97,559,0.054
1894,196.045,368,0.0
1895,196.125,264,0.186
1896,196.155,248,1.035
1897,196.215,16,0.001
1898,196.405,169,0.0
1899,196.72,204,0.07
1900,197.02,248,0.017
1901,197.055,496,0.224
1902,200.065,406,0.276
1903,200.08,258,0.154
1904,200.09,267,0.011
1905,200.09,298,0.261
1906,200.095,347,0.171
1907,200.105,117,0.433
1908,200.105,342,0.066
1909,200.11,178,0.389
1910,200.125,82,0.005
1911,200.17,483,0.089
1912,200.175,340,0.079
1913,200.19,454,0.008
1914,200.24,445,0.827
1915,200.305,556,0.001
1916,200.31,275,0.009
1917,200.315,361,0.037
1918,200.325,273,0.304
1919,200.34,27,0.087
1920,200.37,408,0.006
1921,200.395,17,0.024
1922,200.415,68,0.68
1923,200.42,307,0.049
1924,200.465,583,0.04
1925,200.48,488,0.481
1926,200.48,558,0.452
1927,200.555,190,0.19
1928,200.645,151,0.007
1929,200.65,230,0.141
1930,200.675,210,0.154
1931,200.7,75,0.071
1932,200.72,275,0.004
1933,200.73,17,0.002
1934,200.955,223,0.005
1935,200.995,42,0.084
1936,201.02,11,0.0
1937,201.125,279,0.004
1938,201.22,366,0.205
1939,201.23,156,0.008
1940,202.035,393,0.04
1941,202.905,277,0.009
1942,205.005,563,0.193
1943,205.005,424,0.104
1944,205.015,596,0.119
1945,205.02,167,0.002
1946,205.025,119,0.571
1947,205.035,194,0.717
1948,205.04,591,0.309
1949,205.045,557,0.288
1950,205.05,578,1.105
1951,205.06,461,0.218
1952,205.075,110,0.004
1953,205.11,533,0.678
1954,205.125,331,0.209
1955,205.14,352,0.153
1956,205.14,362,0.18
1957,205.145,341,0.634
1958,205.16,61,0.213
1959,205.17,565,0.074
1960,205.185,345,0.163
1961,205.19,182,0.467
1962,205.2,338,0.199
1963,205.21,18,0.207
1964,205.265,331,0.017
1965,205.29,585,0.024
1966,205.305,446,0.028
1967,205.34,314,0.067
1968,205.365,1,0.588
1969,205.365,345,0.002
1970,205.37,496,0.084
1971,205.41,42,0.181
1972,205.42,396,0.301
1973,205.425,493,0.506
1974,205.545,344,0.116
1975,205.555,326,0.074
1976,205.565,128,0.111
1977,205.57,437,0.914
1978,205.575,124,0.222
1979,205.6,268,0.014
1980,205.605,302,0.379
1981,205.62,267,0.0
1982,205.66,96,0.011
1983,205.665,132,0.049
1984,205.69,207,0.073
1985,205.715,370,0.462
1986,205.77,27,0.188
1987,205.785,481,0.055
1988,205.955,595,0.559
1989,206.245,292,0.159
1990,206.305,434,0.43
1991,206.31,415,0.07
1992,206.35,494,0.017
1993,206.905,504,0.085
1994,207.51,306,0.16
1995,210.0,483,0.306
1996,210.01,208,0.04
1997,210.025,179,0.056
1998,210.04,117,0.332
1999,210.06,470,0.346
2000,210.07,373,0.028
2001,210.07,593,0.31
2002,210.08,578,0.033
2003,210.085,346,0.039
2004,210.09,536,0.2
2005,210.1,91,0.045
2006,210.13,14,0.035
2007,210.155,377,0.794
2008,210.165,180,0.678
2009,210.18,149,0.082
2010,210.205,229,0.018
2011,210.205,490,0.044
2012,210.22,323,0.787
2013,210.23,309,0.666
2014,210.28,277,0.136
2015,210.285,98,0.011
2016,210.295,236,0.0
2017,210.305,489,1.024
2018,210.34,511,0.035
2019,210.35,571,0.067
2020,210.38,521,0.002
2021,210.4,277,0.744
2022,210.425,468,0.017
2023,210.435,307,0.179
2024,210.475,580,0.82
2025,210.475,519,0.007
2026,210.5,463,0.001
2027,210.56,485,0.174
2028,210.575,325,0.017
2029,210.62,468,0.207
2030,210.625,106,0.006
2031,210.625,89,0.61
2032,210.695,546,1.182
2033,210.71,319,0.014
2034,210.755,347,0.09
2035,210.875,544,0.191
2036,210.935,434,0.039
2037,210.94,257,0.008
2038,210.95,62,1.205
2039,210.995,491,0.093
2040,211.045,75,0.165
2041,211.16,436,0.003
2042,211.35,16,0.01
2043,211.35,335,0.122
2044,211.435,522,0.774
2045,211.61,323,0.07
2046,212.055,39,0.993
2047,215.01,335,0.517
2048,215.025,321,0.048
2049,215.04,486,0.216
2050,215.045,360,0.005
2051,215.05,496,0.001
2052,215.06,155,1.794
2053,215.065,488,0.291
2054,215.07,211,0.006
2055,215.11,597,0.049
2056,215.115,244,0.418
2057,215.12,124,0.029
2058,215.125,541,0.081
2059,215.135,172,0.348
2060,215.14,27,0.039
2061,215.14,375,0.193
2062,215.16,271,0.003
2063,215.175,145,0.054
2064,215.21,73,0.109
2065,215.225,455,2.072
2066,215.23,252,0.034
2067,215.24,263,0.097
2068,215.24,184,0.088
2069,215.255,297,0.109
2070,215.27,166,0.148
2071,215.27,240,0.001
2072,215.295,467,0.175
2073,215.315,516,0.965
2074,215.325,121,0.211
2075,215.34,284,0.034
2076,215.345,587,0.712
2077,215.35,86,0.134
2078,215.355,16,0.27
2079,215.355,254,0.05
2080,215.465,122,0.459
2081,215.49,523,0.02
2082,215.545,201,0.038
2083,215.595,295,0.136
2084,215.615,574,0.052
2085,215.64,312,0.619
2086,215.66,388,0.067
2087,215.675,597,0.188
2088,215.72,215,0.0
2089,215.79,357,0.038
2090,215.83,60,0.481
2091,215.86,240,0.416
2092,215.885,176,0.015
2093,215.89,481,0.062
2094,215.925,3,0.426
2095,215.985,159,0.051
2096,215.99,82,0.04
2097,216.02,196,0.679
2098,216.08,100,0.008
2099,216.115,525,0.001
2100,216.135,119,0.039
2101,216.205,243,0.039
2102,216.22,419,0.0
2103,216.375,438,0.419
2104,216.375,552,0.142
2105,216.5,60,0.023
2106,220.005,279,0.2
2107,220.01,449,0.092
2108,220.03,456,0.01
2109,220.04,113,0.004
2110,220.04,542,0.13
2111,220.05,17,0.023
2112,220.065,275,0.005
2113,220.075,397,0.039
2114,220.08,60,0.14
2115,220.105,481,0.089
2116,220.115,447,0.0
2117,220.125,7,0.039
2118,220.125,289,0.243
2119,220.135,277,0.008
2120,220.135,155,1.179
2121,220.14,360,0.033
2122,220.145,373,0.044
2123,220.155,128,0.27
2124,220.16,451,0.175
2125,220.16,371,0.256
2126,220.16,121,0.97
2127,220.165,463,0.027
2128,220.2,519,0.0
2129,220.22,426,0.009
2130,220.225,217,0.009
2131,220.24,125,0.17
2132,220.25,199,0.751
2133,220.28,169,0.993
2134,220.28,298,0.048
2135,220.29,26,0.082
2136,220.295,155,0.005
2137,220.31,569,0.222
2138,220.315,561,0.134
2139,220.315,80,0.134
2140,220.33,409,0.393
2141,220.34,433,0.003
2142,220.345,579,0.188
2143,220.385,299,0.34
2144,220.39,295,0.015
2145,220.425,555,0.432
2146,220.43,182,0.531
2147,220.435,391,0.001
2148,220.465,577,0.299
2149,220.47,30,0.121
2150,220.485,111,0.907
2151,220.495,349,0.209
2152,220.495,324,0.175
2153,220.555,440,0.043
2154,220.585,490,0.263
2155,220.705,381,0.107
2156,220.735,589,0.236
2157,220.785,124,0.124
2158,220.79,163,0.002
2159,220.8,314,0.05
2160,220.86,215,0.025
2161,220.995,4,0.328
2162,221.02,21,0.032
2163,221.16,5,0.005
2164,221.225,468,0.08
2165,221.325,209,0.538
2166,221.48,380,0.0
2167,221.8,399,0.0
2168,222.26,318,0.079
2169,225.005,21,0.007
2170,225.03,83,0.084
2171,225.055,143,0.101
2172,225.085,7,0.067
2173,225.085,239,0.62
2174,225.1,135,0.754
2175,225.105,138,0.035
2176,225.155,23,0.071
2177,225.165,392,1.58
2178,225.185,517,0.001
2179,225.185,185,0.116
2180,225.19,203,0.53
2181,225.25,198,0.316
2182,225.275,506,0.033
2183,225.285,454,0.002
2184,225.29,511,0.096
2185,225.315,173,0.005
2186,225.34,360,0.413
2187,225.415,229,0.042
2188,225.42,504,0.161
2189,225.595,532,1.699
2190,225.65,552,0.307
2191,225.655,393,0.0
2192,225.695,253,0.114
2193,225.695,327,0.061
2194,225.75,100,1.85
2195,225.765,590,0.141
2196,225.8,395,0.016
2197,225.82,274,0.017
2198,226.105,262,0.0
2199,226.225,361,0.24
2200,226.29,265,0.256
2201,226.49,258,0.001
2202,226.84,280,0.055
2203,227.085,576,0.291
2204,227.23,575,0.168
2205,230.005,485,0.129
2206,230.03,311,0.331
2207,230.035,589,0.223
2208,230.04,37,0.014
2209,230.045,578,0.068
2210,230.05,290,0.775
2211,230.09,351,0.013
2212,230.09,555,0.563
2213,230.1,512,0.508
2214,230.1,76,0.175
2215,230.125,372,0.002
2216,230.14,563,0.826
2217,230.165,410,0.04
2218,230.17,440,0.024
2219,230.18,250,0.1
2220,230.19,355,0.052
2221,230.205,254,0.066
2222,230.215,51,0.016
2223,230.245,445,0.001
2224,230.285,386,0.743
2225,230.32,305,0.045
2226,230.32,167,0.189
2227,230.34,23,0.747
2228,230.35,469,0.003
2229,230.355,360,0.334
2230,230.365,15,0.008
2231,230.41,443,0.602
2232,230.43,480,0.692
2233,230.445,75,0.112
2234,230.475,416,0.068
2235,230.5,366,0.016
2236,230.605,11,0.262
2237,230.62,27,0.069
2238,230.655,300,0.074
2239,230.665,231,0.36
2240,230.765,176,0.007
2241,230.79,198,0.424
2242,230.99,351,0.089
2243,231.31,33,0.047
2244,231.36,100,0.008
2245,231.42,71,0.486
2246,231.705,80,0.003
2247,232.05,600,0.092
2248,232.52,241,0.817
2249,235.0,123,0.088
2250,235.035,177,0.641
2251,235.045,573,0.149
2252,235.045,2,0.044
2253,235.05,183,0.26
2254,235.07,167,0.015
2255,235.08,148,0.168
2256,235.125,59,0.384
2257,235.24,61,0.088
2258,235.25,156,0.656
2259,235.295,251,0.323
2260,235.365,145,0.008
2261,235.38,454,0.013
2262,235.42,533,0.409
2263,235.54,120,0.254
2264,235.69,456,0.243
2265,235.78,562,0.313
2266,236.15,348,0.088
2267,236.285,590,0.01
2268,236.59,408,0.03
2269,236.635,54,0.01
2270,237.03,257,0.031
2271,238.265,479,0.061
2272,240.005,141,0.7
2273,240.04,544,0.242
2274,240.06,587,1.586
2275,240.06,533,0.036
2276,240.06,186,0.364
2277,240.095,499,0.083
2278,240.1,284,1.418
2279,240.105,360,0.001
2280,240.11,422,0.009
2281,240.115,349,0.077
2282,240.12,335,0.162
2283,240.135,398,0.076
2284,240.145,540,0.448
2285,240.26,519,0.063
2286,240.27,299,0.083
2287,240.3,229,0.673
2288,240.305,6,0.011
2289,240.31,449,0.333
2290,240.325,134,1.198
2291,240.33,362,1.826
2292,240.385,262,0.448
2293,240.405,118,0.448
2294,240.41,409,0.227
2295,240.435,519,0.382
2296,240.445,543,0.0
2297,240.485,339,0.146
2298,240.49,9,0.192
2299,240.5,76,0.067
2300,240.58,566,0.169
2301,240.59,337,0.296
2302,240.655,424,0.049
2303,240.75,379,0.139
2304,240.805,279,0.218
2305,240.9,260,0.446
2306,240.905,190,0.113
2307,240.985,158,0.899
2308,240.99,75,0.151
2309,241.07,474,0.073
2310,241.145,297,1.198
2311,241.16,144,0.449
2312,242.015,583,0.136
2313,242.98,238,0.043
2314,245.005,469,0.001
2315,245.02,257,0.001
2316,245.02,520,0.011
2317,245.03,123,0.022
2318,245.035,234,0.933
2319,245.035,236,0.002
2320,245.075,498,0.278
2321,245.08,2,0.089
2322,245.11,414,0.148
2323,245.14,171,0.201
2324,245.155,346,0.543
2325,245.16,375,0.151
2326,245.175,115,0.017
2327,245.18,352,0.366
2328,245.19,56,0.043
2329,245.255,510,0.261
2330,245.255,274,0.049
2331,245.255,268,0.048
2332,245.28,30,0.027
2333,245.285,487,0.212
2334,245.29,513,0.564
2335,245.315,443,0.007
2336,245.34,435,0.555
2337,245.35,333,0.105
2338,245.385,307,0.083
2339,245.39,373,0.002
2340,245.395,334,0.065
2341,245.405,307,0.042
2342,245.44,457,0.001
2343,245.525,599,0.071
2344,245.58,437,0.075
2345,245.59,420,0.21
2346,245.61,474,0.27
2347,245.615,353,0.033
2348,245.615,505,0.192
2349,245.635,376,0.657
2350,245.645,442,0.043
2351,245.71,448,0.147
2352,245.78,116,0.005
2353,245.945,40,0.039
2354,245.975,435,0.07
2355,246.01,440,0.43
2356,246.055,50,0.157
2357,246.115,364,0.582
2358,246.135,201,0.249
2359,246.135,418,0.351
2360,246.145,104,0.029
2361,246.185,366,0.079
2362,246.205,459,0.058
2363,246.285,91,0.021
2364,246.37,35,0.076
2365,246.915,561,0.006
2366,250.005,441,0.067
2367,250.01,58,0.877
2368,250.015,252,0.035
2369,250.02,278,0.013
2370,250.04,257,0.188
2371,250.04,176,1.076
2372,250.05,250,0.021
2373,250.05,324,0.279
2374,250.055,65,0.14
2375,250.065,86,0.853
2376,250.075,243,0.26
2377,250.085,32,0.031
2378,250.1,92,0.294
2379,250.1,221,1.159
2380,250.105,104,0.928
2381,250.105,356,0.0
2382,250.105,219,0.156
2383,250.11,443,0.018
2384,250.115,391,0.056
2385,250.115,544,0.115
2386,250.12,549,0.139
2387,250.13,18,0.115
2388,250.13,489,0.012
2389,250.135,111,0.153
2390,250.135,518,0.004
2391,250.14,352,0.082
2392,250.17,33,0.252
2393,250.18,196,0.012
2394,250.18,337,0.513
2395,250.185,117,0.019
2396,250.19,177,0.001
2397,250.195,362,0.001
2398,250.195,98,0.221
2399,250.22,12,0.042
2400,250.235,495,0.16
2401,250.24,379,0.037
2402,250.245,102,0.274
2403,250.255,316,0.366
2404,250.26,38,0.046
2405,250.265,469,0.012
2406,250.27,542,0.007
2407,250.27,222,0.004
2408,250.28,437,1.473
2409,250.285,380,1.055
2410,250.315,33,0.005
2411,250.325,540,0.202
2412,250.35,85,0.033
2413,250.365,247,0.446
2414,250.375,352,0.258
2415,250.405,526,0.017
2416,250.43,561,0.338
2417,250.465,382,0.07
2418,250.48,214,0.022
2419,250.51,529,0.107
2420,250.55,141,0.04
2421,250.58,267,0.511
2422,250.6,120,0.4
2423,250.715,271,0.206
2424,250.79,234,0.453
2425,250.83,134,0.426
2426,250.855,226,1.391
2427,250.965,193,0.078
2428,251.045,63,0.013
2429,251.07,260,0.218
2430,251.1,543,0.266
2431,251.32,27,0.744
2432,253.53,456,0.527
2433,255.005,140,0.525
2434,255.03,360,0.754
2435,255.055,172,0.059
2436,255.055,298,0.025
2437,255.08,101,0.011
2438,255.085,188,0.122
2439,255.085,57,0.001
2440,255.1,191,0.074
2441,255.125,274,0.029
2442,255.14,367,0.576
2443,255.14,333,0.072
2444,255.14,242,0.43
2445,255.175,67,0.554
2446,255.205,427,0.053
2447,255.21,291,0.015
2448,255.22,182,0.692
2449,255.235,310,0.568
2450,255.245,272,0.004
2451,255.27,343,0.054
2452,255.285,227,0.096
2453,255.33,420,0.458
2454,255.34,76,1.784
2455,255.35,253,0.131
2456,255.36,74,0.36
2457,255.385,6,0.085
2458,255.425,567,0.063
2459,255.435,126,0.749
2460,255.455,185,0.123
2461,255.485,551,0.554
2462,255.545,599,0.001
2463,255.59,579,0.295
2464,255.61,254,0.0
2465,255.665,328,0.034
2466,255.99,152,0.651
2467,256.035,35,0.379
2468,256.085,538,0.202
2469,256.125,582,0.55
2470,256.14,226,0.025
2471,256.145,537,0.142
2472,256.155,557,0.2
2473,256.16,257,0.136
2474,256.16,124,0.367
2475,256.315,30,0.006
2476,256.39,107,0.145
2477,256.475,313,0.061
2478,256.51,195,0.025
2479,256.52,553,0.027
2480,260.005,413,0.129
2481,260.015,138,0.198
2482,260.02,316,0.022
2483,260.02,62,0.038
2484,260.02,200,0.104
2485,260.05,90,0.005
2486,260.06,547,0.187
2487,260.06,417,0.607
2488,260.065,504,0.009
2489,260.075,169,0.103
2490,260.075,235,0.174
2491,260.085,377,0.243
2492,260.105,592,0.05
2493,260.115,119,0.33
2494,260.13,145,0.034
2495,260.13,126,0.018
2496,260.17,192,0.28
2497,260.17,100,0.005
2498,260.17,189,0.099
2499,260.17,150,0.928
2500,260.19,109,0.302
2501,260.2,327,0.005
2502,260.22,566,0.931
2503,260.225,243,0.326
2504,260.225,296,2.353
2505,260.245,430,0.453
2506,260.27,401,0.596
2507,260.31,81,0.003
2508,260.36,277,0.2
2509,260.37,228,0.881
2510,260.395,17,0.973
2511,260.41,179,0.171
2512,260.465,83,0.039
2513,260.465,583,0.194
2514,260.495,209,0.626
2515,260.535,599,0.036
2516,260.555,33,0.77
2517,260.62,573,0.879
2518,260.695,330,0.007
2519,260.705,533,1.178
2520,260.795,570,0.0
2521,260.8,172,0.037
2522,260.825,32,0.155
2523,260.85,60,0.127
2524,260.855,44,0.037
2525,260.88,584,0.594
2526,260.92,264,0.404
2527,261.075,170,0.032
2528,261.17,126,0.015
2529,261.19,158,0.012
2530,261.28,129,0.005
2531,261.365,355,1.065
2532,261.61,382,0.334
2533,261.68,187,0.25
2534,261.8,291,0.086
2535,265.015,129,0.034
2536,265.025,194,0.655
2537,265.06,585,0.651
2538,265.14,120,0.015
2539,265.15,41,0.022
2540,265.18,286,0.562
2541,265.19,298,0.118
2542,265.24,319,0.013
2543,265.25,411,0.097
2544,265.305,39,0.004
2545,265.385,209,0.461
2546,265.435,288,0.565
2547,265.495,69,0.164
2548,265.58,417,0.353
2549,265.615,243,0.005
2550,265.715,474,0.189
2551,265.905,401,0.268
2552,265.91,205,0.008
2553,266.02,246,0.047
2554,266.035,544,0.005
2555,266.085,78,0.006
2556,266.105,84,0.0
2557,266.185,405,0.246
2558,266.255,189,0.686
2559,266.26,457,0.412
2560,266.355,40,0.138
2561,266.925,264,0.043
2562,267.565,328,0.076
2563,270.005,253,0.39
2564,270.01,61,0.398
2565,270.04,429,0.317
2566,270.055,481,0.222
2567,270.1,291,1.275
2568,270.11,144,0.01
2569,270.115,159,1.622
2570,270.135,235,0.352
2571,270.22,348,1.123
2572,270.225,181,0.01
2573,270.24,416,0.079
2574,270.28,45,0.019
2575,270.285,293,0.086
2576,270.34,110,0.003
2577,270.4,134,0.115
2578,270.405,422,0.518
2579,270.47,330,0.302
2580,270.47,441,0.02
2581,270.485,561,0.046
2582,270.515,175,0.012
2583,270.52,490,0.004
2584,270.53,407,0.615
2585,270.54,384,0.782
2586,270.8,150,0.178
2587,270.875,395,1.231
2588,270.995,280,0.135
2589,271.065,504,0.037
2590,271.295,333,0.436
2591,271.305,271,0.015
2592,271.365,508,0.15
2593,271.44,491,0.124
2594,271.69,338,0.249
2595,272.95,9,0.403
2596,275.05,564,0.05
2597,275.055,481,0.539
2598,275.08,386,0.903
2599,275.08,391,0.017
2600,275.09,14,0.001
2601,275.09,48,0.226
2602,275.11,596,1.783
2603,275.115,443,0.821
2604,275.195,21,0.288
2605,275.265,85,0.008
2606,275.3,206,0.001
2607,275.3,289,0.072
2608,275.315,228,0.581
2609,275.32,460,0.053
2610,275.335,282,0.022
2611,275.345,208,0.019
2612,275.365,194,0.007
2613,275.38,597,0.218
2614,275.455,455,0.049
2615,275.46,560,0.072
2616,275.475,65,0.141
2617,275.58,117,0.049
2618,275.615,38,0.316
2619,275.635,433,0.163
2620,275.65,340,0.001
2621,275.675,166,0.552
2622,275.675,190,0.034
2623,275.69,22,1.298
2624,275.71,13,0.538
2625,275.81,424,0.059
2626,275.835,400,1.179
2627,275.895,538,0.099
2628,275.95,52,0.397
2629,275.965,122,0.756
2630,276.085,257,0.018
2631,276.605,175,0.027
2632,276.675,411,0.247
2633,276.97,93,0.185
2634,277.33,481,0.078
2635,280.02,275,0.01
2636,280.1,265,0.159
2637,280.165,210,0.15
2638,280.175,94,0.004
2639,280.2,18,0.201
2640,280.24,507,0.146
2641,280.28,85,0.66
2642,280.32,352,0.288
2643,280.33,219,0.466
2644,280.36,278,0.252
2645,280.385,248,0.821
2646,280.47,28,0.03
2647,280.51,583,0.095
2648,280.51,62,0.746
2649,280.57,327,0.685
2650,280.575,230,0.468
2651,280.65,273,1.099
2652,280.735,3,0.104
2653,280.75,18,0.068
2654,280.97,156,0.67
2655,281.295,535,0.011
2656,281.31,64,0.02
2657,281.35,249,0.005
2658,281.84,358,0.116
2659,281.865,492,0.441
2660,282.885,322,0.154
2661,285.005,118,0.985
2662,285.005,519,0.133
2663,285.025,560,0.002
2664,285.035,76,0.157
2665,285.04,360,0.106
2666,285.04,22,0.005
2667,285.045,468,0.005
2668,285.055,178,0.261
2669,285.11,310,0.007
2670,285.115,243,0.005
2671,285.12,196,0.022
2672,285.135,546,0.141
2673,285.15,139,0.049
2674,285.155,172,0.225
2675,285.175,429,0.237
2676,285.19,82,0.086
2677,285.225,234,0.429
2678,285.225,40,0.018
2679,285.23,452,0.014
2680,285.23,398,0.01
2681,285.25,326,0.597
2682,285.265,448,0.016
2683,285.285,3,0.886
2684,285.295,273,0.485
2685,285.3,293,0.153
2686,285.3,161,0.258
2687,285.325,21,0.014
2688,285.335,584,0.523
2689,285.365,584,0.053
2690,285.385,479,0.077
2691,285.395,174,0.001
2692,285.4,461,1.383
2693,285.4,352,0.022
2694,285.42,99,0.003
2695,285.42,480,0.188
2696,285.445,243,0.001
2697,285.51,37,0.045
2698,285.55,588,0.316
2699,285.575,223,0.0
2700,285.72,525,0.002
2701,285.78,555,0.261
2702,285.795,389,0.178
2703,285.81,76,0.045
2704,285.95,35,0.0
2705,286.035,374,0.58
2706,286.115,540,0.046
2707,286.34,575,0.375
2708,287.5,535,0.211
2709,287.835,529,0.962
2710,290.035,402,0.063
2711,290.075,414,1.339
2712,290.075,307,0.378
2713,290.12,442,0.236
2714,290.135,144,0.119
2715,290.215,290,1.142
2716,290.225,175,0.145
2717,290.255,477,0.609
2718,290.26,223,0.489
2719,290.4,304,0.021
2720,290.46,341,0.458
2721,290.49,201,0.072
2722,290.555,369,0.462
2723,290.63,213,0.775
2724,290.645,64,0.666
2725,290.65,277,0.153
2726,290.685,552,0.037
2727,290.73,302,0.41
2728,290.745,52,0.043
2729,290.795,26,0.056
2730,290.845,517,0.37
2731,290.885,511,1.032
2732,290.945,315,0.034
2733,291.03,498,0.045
2734,291.06,316,1.036
2735,291.085,144,0.695
2736,291.355,362,0.002
2737,291.445,377,0.007
2738,291.51,484,0.0
2739,291.725,344,0.003
2740,292.34,297,0.088
2741,295.015,36,0.269
2742,295.02,245,0.297
2743,295.02,80,0.256
2744,295.025,505,0.054
2745,295.035,141,0.047
2746,295.045,268,0.207
2747,295.065,495,0.005
2748,295.065,334,0.173
2749,295.075,228,0.017
2750,295.075,84,0.004
2751,295.08,304,0.486
2752,295.105,216,0.017
2753,295.11,317,1.564
2754,295.115,492,0.013
2755,295.14,345,0.079
2756,295.145,467,0.022
2757,295.145,520,0.269
2758,295.145,246,0.768
2759,295.155,117,0.288
2760,295.155,456,0.025
2761,295.155,59,0.094
2762,295.16,333,0.131
2763,295.16,519,1.891
2764,295.165,345,0.0
2765,295.17,520,0.014
2766,295.17,404,0.082
2767,295.175,318,0.505
2768,295.18,214,0.223
2769,295.19,144,0.039
2770,295.195,273,0.178
2771,295.21,457,0.066
2772,295.22,374,0.005
2773,295.225,28,0.904
2774,295.225,476,0.0
2775,295.24,190,0.099
2776,295.255,178,0.074
2777,295.255,74,1.211
2778,295.26,236,0.001
2779,295.28,294,0.659
2780,295.32,193,0.382
2781,295.36,321,0.045
2782,295.365,140,0.348
2783,295.365,87,0.353
2784,295.385,258,0.016
2785,295.395,438,0.294
2786,295.42,598,0.53
2787,295.42,322,0.326
2788,295.43,320,0.066
2789,295.43,290,1.8
2790,295.455,349,0.183
2791,295.465,329,0.083
2792,295.5,55,0.059
2793,295.515,115,0.78
2794,295.57,396,0.062
2795,295.59,448,2.018
2796,295.6,234,0.244
2797,295.63,137,0.271
2798,295.865,399,0.065
2799,295.88,31,0.678
2800,295.89,500,0.015
2801,295.94,523,0.189
2802,295.96,10,0.025
2803,296.07,456,0.157
2804,296.15,219,0.171
2805,296.21,108,0.718
2806,296.42,385,0.096
2807,296.445,522,0.009
2808,296.775,587,0.098
2809,297.185,348,0.037
2810,300.005,397,0.188
2811,300.015,72,0.282
2812,300.015,461,0.203
2813,300.015,215,0.065
2814,300.02,276,0.763
2815,300.03,475,0.019
2816,300.04,363,0.0
2817,300.045,531,0.124
2818,300.065,138,0.623
2819,300.1,4,0.046
2820,300.1,400,0.011
2821,300.11,587,0.016
2822,300.125,190,0.112
2823,300.14,161,0.333
2824,300.16,299,0.001
2825,300.165,104,0.191
2826,300.17,576,0.448
2827,300.18,373,0.002
2828,300.185,523,0.618
2829,300.19,255,0.121
2830,300.195,349,0.004
2831,300.2,355,1.277
2832,300.205,422,0.58
2833,300.21,47,0.005
2834,300.235,218,0.974
2835,300.235,567,0.407
2836,300.24,149,0.054
2837,300.25,29,0.044
2838,300.25,318,1.461
2839,300.26,304,0.039
2840,300.295,380,0.011
2841,300.295,72,0.088
2842,300.305,381,0.015
2843,300.315,157,0.267
2844,300.33,341,0.001
2845,300.33,236,0.333
2846,300.34,165,0.353
2847,300.34,547,0.058
2848,300.35,131,0.955
2849,300.35,22,0.321
2850,300.4,27,0.297
2851,300.415,492,0.097
2852,300.42,153,0.524
2853,300.42,555,0.015
2854,300.44,338,0.049
2855,300.48,416,0.212
2856,300.485,77,0.059
2857,300.505,248,0.396
2858,300.53,467,0.017
2859,300.53,389,0.0
2860,300.545,16,0.052
2861,300.555,490,0.172
2862,300.61,519,0.195
2863,300.615,491,0.025
2864,300.62,360,0.247
2865,300.65,260,0.273
2866,300.715,3,0.095
2867,300.765,269,0.002
2868,300.765,421,2.075
2869,300.775,283,0.361
2870,300.79,548,0.626
2871,300.845,444,0.001
2872,300.91,284,0.035
2873,300.91,552,0.156
2874,300.91,423,0.284
2875,300.995,520,0.426
2876,301.315,175,0.414
2877,301.655,288,0.21
2878,301.73,537,0.509
2879,302.065,129,0.016
2880,305.0,27,0.187
2881,305.01,54,0.089
2882,305.04,263,0.514
2883,305.045,132,1.092
2884,305.05,124,0.002
2885,305.07,312,0.019
2886,305.075,490,0.38
2887,305.095,182,0.03
2888,305.1,200,0.001
2889,305.11,350,0.022
2890,305.12,447,0.308
2891,305.12,373,0.272
2892,305.165,369,0.003
2893,305.165,302,0.03
2894,305.195,84,0.089
2895,305.25,52,0.002
2896,305.27,595,0.597
2897,305.285,356,0.288
2898,305.29,129,0.247
2899,305.295,535,0.122
2900,305.32,527,0.024
2901,305.38,436,0.001
2902,305.39,436,0.009
2903,305.515,494,0.216
2904,305.605,542,0.44
2905,305.615,166,0.298
2906,305.655,84,0.012
2907,305.76,141,0.039
2908,305.855,89,0.004
2909,305.92,37,0.055
2910,306.3,292,0.057
2911,306.32,357,1.08
2912,306.415,116,0.003
2913,306.665,336,0.192
2914,307.42,315,0.313
2915,307.525,70,0.156
2916,310.045,560,0.002
2917,310.055,367,0.023
2918,310.055,550,0.084
2919,310.065,281,0.657
2920,310.115,579,0.063
2921,310.115,146,0.0
2922,310.12,565,0.109
2923,310.135,144,0.063
2924,310.18,89,0.017
2925,310.23,131,0.123
2926,310.23,110,0.237
2927,310.265,250,1.097
2928,310.265,523,0.048
2929,310.275,361,0.005
2930,310.28,159,0.174
2931,310.325,69,0.11
2932,310.35,270,0.275
2933,310.39,29,0.097
2934,310.42,391,0.068
2935,310.44,146,0.063
2936,310.445,355,0.569
2937,310.465,288,0.752
2938,310.49,343,0.036
2939,310.51,562,0.095
2940,310.52,285,0.001
2941,310.52,211,0.0
2942,310.6,318,0.293
2943,310.71,448,0.002
2944,310.73,272,0.004
2945,310.74,589,0.145
2946,310.745,263,0.039
2947,310.81,211,0.012
2948,310.855,432,0.146
2949,310.87,513,0.578
2950,310.925,216,0.12
2951,311.1,396,0.029
2952,311.23,569,0.017
2953,311.415,442,0.072
2954,311.51,70,0.17
2955,312.16,178,0.068
2956,312.265,354,0.002
2957,315.015,463,0.272
2958,315.04,147,0.171
2959,315.04,461,0.278
2960,315.055,3,0.233
2961,315.065,211,0.003
2962,315.08,398,0.054
2963,315.09,120,0.093
2964,315.1,528,0.887
2965,315.11,413,0.449
2966,315.11,128,0.523
2967,315.11,363,0.592
2968,315.13,81,0.563
2969,315.135,160,0.191
2970,315.14,545,0.001
2971,315.15,145,0.472
2972,315.17,412,0.331
2973,315.23,33,0.273
2974,315.235,251,0.466
2975,315.245,355,0.299
2976,315.29,118,0.057
2977,315.29,467,0.063
2978,315.345,514,0.151
2979,315.345,462,0.576
2980,315.36,165,0.185
2981,315.39,395,0.041
2982,315.405,502,0.133
2983,315.475,354,0.302
2984,315.505,400,0.157
2985,315.51,571,0.099
2986,315.57,414,0.009
2987,315.575,583,0.106
2988,315.65,77,0.181
2989,315.66,397,0.131
2990,315.695,137,0.001
2991,315.725,458,0.947
2992,315.775,396,0.002
2993,315.835,550,0.181
2994,315.84,491,0.259
2995,315.88,549,0.487
2996,316.035,316,0.149
2997,316.125,92,0.658
2998,316.27,55,0.131
2999,316.295,472,0.019
3000,316.595,347,0.445
3001,316.64,569,0.015
3002,316.7,427,0.011
3003,317.005,446,0.044
3004,320.045,31,0.002
3005,320.09,405,0.013
3006,320.1,598,0.098
3007,320.17,551,0.0
3008,320.23,16,0.046
3009,320.25,553,0.004
3010,320.35,330,0.03
3011,320.385,19,0.02
3012,320.515,471,0.213
3013,320.815,389,0.564
3014,320.84,538,0.515
3015,320.885,48,0.495
3016,320.93,50,0.05
3017,320.99,565,0.129
3018,321.19,112,0.031
3019,321.46,496,0.372
3020,321.485,75,0.103
3021,321.52,567,0.576
3022,323.5,163,0.015
3023,325.01,459,0.0
3024,325.02,567,0.088
3025,325.025,227,0.342
3026,325.03,73,0.088
3027,325.045,145,0.223
3028,325.06,352,0.038
3029,325.07,489,0.58
3030,325.07,468,0.045
3031,325.09,388,0.238
3032,325.09,333,1.55
3033,325.105,187,0.613
3034,325.115,424,0.007
3035,325.115,253,0.096
3036,325.15,4,0.136
3037,325.175,564,0.086
3038,325.18,265,0.111
3039,325.18,62,0.686
3040,325.185,472,0.012
3041,325.19,274,0.007
3042,325.205,485,0.073
3043,325.21,353,0.001
3044,325.22,469,0.115
3045,325.235,322,0.001
3046,325.255,494,0.11
3047,325.29,24,0.008
3048,325.315,288,0.546
3049,325.345,32,0.161
3050,325.345,366,0.049
3051,325.365,47,0.0
3052,325.375,191,0.118
3053,325.405,205,0.14
3054,325.42,365,0.006
3055,325.43,199,0.084
3056,325.435,82,0.74
3057,325.495,596,0.379
3058,325.52,554,0.011
3059,325.675,100,0.326
3060,325.695,2,0.81
3061,325.795,306,0.099
3062,325.915,465,0.056
3063,325.96,335,0.19
3064,325.995,569,0.123
3065,326.065,510,0.006
3066,326.095,459,0.039
3067,326.115,147,0.001
3068,326.375,575,0.599
3069,326.635,538,0.001
3070,327.09,364,0.056
3071,327.39,335,0.003
3072,330.01,152,0.643
3073,330.12,488,1.804
3074,330.145,138,0.019
3075,330.165,414,0.004
3076,330.22,546,1.163
3077,330.225,329,0.563
3078,330.23,177,0.109
3079,330.26,246,0.064
3080,330.305,50,0.464
3081,330.355,460,0.769
3082,330.385,533,0.002
3083,330.425,151,0.798
3084,330.515,385,0.094
3085,330.52,250,0.109
3086,330.615,47,0.103
3087,330.64,367,0.488
3088,330.695,410,0.261
3089,330.87,379,0.902
3090,330.88,465,0.353
3091,330.89,4,0.329
3092,330.915,565,0.259
3093,330.925,486,0.052
3094,331.065,21,0.002
3095,331.32,90,0.271
3096,332.115,358,0.377
3097,332.34,328,0.931
3098,332.355,392,0.031
3099,335.005,435,0.794
3100,335.005,488,0.019
3101,335.035,209,0.037
3102,335.06,389,0.163
3103,335.06,230,0.585
3104,335.07,71,0.765
3105,335.07,347,0.103
3106,335.09,43,0.562
3107,335.125,584,0.002
3108,335.15,228,1.319
3109,335.165,4,0.88
3110,335.165,52,0.0
3111,335.175,322,0.242
3112,335.19,545,0.068
3113,335.215,579,0.179
3114,335.215,550,0.319
3115,335.23,258,0.262
3116,335.265,515,0.404
3117,335.265,177,0.004
3118,335.27,165,0.088
3119,335.305,480,0.818
3120,335.305,34,0.005
3121,335.335,502,0.059
3122,335.4,447,0.907
3123,335.405,389,0.02
3124,335.445,95,0.408
3125,335.485,155,0.162
3126,335.545,549,0.066
3127,335.565,42,0.073
3128,335.59,451,0.585
3129,335.71,77,0.246
3130,335.715,74,0.018
3131,335.74,89,0.03
3132,335.855,351,0.196
3133,336.15,437,0.267
3134,336.18,32,1.066
3135,336.23,2,0.355
3136,336.485,572,0.036
3137,336.54,60,0.127
3138,336.55,458,0.142
3139,337.99,162,0.007
3140,340.005,36,0.073
3141,340.02,149,0.005
3142,340.035,212,0.141
3143,340.065,578,0.0
3144,340.065,356,0.251
3145,340.07,154,0.082
3146,340.07,504,0.096
3147,340.095,363,0.033
3148,340.095,95,0.107
3149,340.105,331,0.993
3150,340.11,130,0.24
3151,340.15,598,0.252
3152,340.155,96,0.02
3153,340.17,502,0.392
3154,340.2,556,0.14
3155,340.25,36,0.379
3156,340.25,325,0.164
3157,340.25,120,0.057
3158,340.265,91,0.076
3159,340.295,202,0.03
3160,340.315,261,0.097
3161,340.32,134,0.058
3162,340.345,55,0.1
3163,340.36,185,0.651
3164,340.385,276,0.031
3165,340.39,62,0.193
3166,340.43,46,0.765
3167,340.46,405,0.008
3168,340.56,504,0.056
3169,340.58,14,0.005
3170,340.78,41,0.016
3171,340.83,576,0.094
3172,340.845,210,0.094
3173,340.88,90,0.159
3174,340.91,458,1.162
3175,340.995,68,0.208
3176,341.105,211,0.05
3177,341.255,452,0.788
3178,341.38,61,1.006
3179,342.215,478,0.129
3180,342.91,462,0.168
3181,345.03,27,0.288
3182,345.035,270,0.489
3183,345.045,452,0.459
3184,345.085,513,0.053
3185,345.125,498,0.0
3186,345.125,367,0.126
3187,345.13,394,0.017
3188,345.155,245,0.817
3189,345.16,278,0.496
3190,345.165,558,0.684
3191,345.18,242,0.37
3192,345.185,179,1.116
3193,345.185,265,0.242
3194,345.19,493,0.244
3195,345.19,366,0.03
3196,345.195,70,0.003
3197,345.225,508,0.188
3198,345.235,270,0.564
3199,345.26,111,1.127
3200,345.345,70,0.007
3201,345.375,512,0.014
3202,345.525,50,0.29
3203,345.56,491,0.052
3204,345.56,28,0.161
3205,345.57,334,0.022
3206,345.6,502,0.002
3207,345.645,430,0.637
3208,345.75,498,0.429
3209,345.77,271,0.125
3210,345.775,254,0.372
3211,345.865,147,0.222
3212,345.87,541,0.647
3213,346.02,395,0.001
3214,346.17,66,0.006
3215,346.21,379,0.003
3216,346.49,51,0.009
3217,346.68,281,0.352
3218,346.72,126,0.01
3219,346.78,551,0.253
3220,346.97,218,0.118
3221,350.08,132,0.065
3222,350.15,188,0.009
3223,350.2,205,0.033
3224,350.23,349,0.001
3225,350.335,313,0.089
3226,350.355,100,0.647
3227,350.375,374,0.241
3228,350.39,264,0.925
3229,350.435,242,0.086
3230,350.455,63,1.25
3231,350.46,404,0.016
3232,350.575,131,0.061
3233,350.585,336,0.226
3234,350.745,554,0.069
3235,350.965,203,0.06
3236,350.985,491,0.568
3237,351.18,419,0.818
3238,351.19,249,0.038
3239,351.625,378,0.028
3240,352.255,339,0.003
3241,353.175,522,0.002
3242,355.02,121,0.021
3243,355.035,67,1.093
3244,355.1,114,0.282
3245,355.1,467,0.012
3246,355.105,600,0.123
3247,355.135,507,0.021
3248,355.145,478,1.049
3249,355.21,135,0.232
3250,355.22,268,0.002
3251,355.245,332,0.063
3252,355.26,302,0.122
3253,355.295,115,0.024
3254,355.3,271,0.024
3255,355.305,261,0.16
3256,355.365,279,2.014
3257,355.375,180,0.038
3258,355.4,597,0.044
3259,355.465,482,0.174
3260,355.5,370,0.031
3261,355.565,321,0.066
3262,355.565,68,0.031
3263,355.605,434,0.074
3264,355.605,339,0.062
3265,355.74,507,0.183
3266,355.745,450,0.017
3267,355.765,381,0.41
3268,355.815,371,0.018
3269,355.88,338,0.397
3270,355.955,89,0.919
3271,355.96,521,0.212
3272,356.065,454,0.058
3273,356.11,3,0.0
3274,356.615,499,0.102
3275,356.78,570,0.064
3276,357.12,451,0.001
3277,357.135,167,0.402
3278,360.025,539,0.842
3279,360.1,30,0.044
3280,360.105,154,0.033
3281,360.11,145,0.405
3282,360.12,155,0.029
3283,360.125,427,0.01
3284,360.135,535,0.206
3285,360.175,159,1.081
3286,360.185,256,0.077
3287,360.215,397,0.36
3288,360.24,28,0.04
3289,360.27,414,0.297
3290,360.295,507,0.0
3291,360.34,403,0.013
3292,360.35,3,0.276
3293,360.355,136,2.001
3294,360.375,375,0.071
3295,360.385,26,0.025
3296,360.39,360,0.237
3297,360.395,123,0.004
3298,360.41,35,0.017
3299,360.42,487,0.143
3300,360.44,95,0.0
3301,360.51,26,0.001
3302,360.525,57,0.025
3303,360.555,360,1.545
3304,360.64,15,0.014
3305,360.75,584,0.048
3306,360.875,14,0.181
3307,361.095,305,0.009
3308,361.115,544,0.563
3309,361.195,438,0.049
3310,361.385,128,0.762
3311,361.525,521,0.116
3312,361.63,95,0.083
3313,361.685,9,0.039
3314,361.795,531,0.348
3315,361.91,436,0.238
3316,365.015,394,0.233
3317,365.02,553,0.251
3318,365.035,1,0.135
3319,365.045,424,0.411
3320,365.07,580,0.043
3321,365.085,42,0.089
3322,365.11,249,0.278
3323,365.115,469,0.182
3324,365.115,483,0.0
3325,365.13,387,2.123
3326,365.135,557,0.032
3327,365.135,269,0.353
3328,365.155,447,0.262
3329,365.155,151,0.069
3330,365.165,91,0.483
3331,365.175,163,0.054
3332,365.18,509,0.152
3333,365.185,25,0.142
3334,365.19,144,0.148
3335,365.215,460,0.168
3336,365.225,238,0.036
3337,365.235,542,0.073
3338,365.275,44,0.463
3339,365.295,73,0.011
3340,365.325,186,0.168
3341,365.33,504,0.002
3342,365.355,431,0.212
3343,365.36,485,0.009
3344,365.445,13,0.079
3345,365.485,414,0.181
3346,365.55,447,0.244
3347,365.58,120,0.028
3348,365.66,371,0.967
3349,365.785,87,0.197
3350,365.795,560,0.042
3351,365.825,482,0.03
3352,365.895,415,0.005
3353,365.92,110,0.074
3354,365.96,552,0.163
3355,365.99,450,0.001
3356,366.0,101,0.536
3357,366.095,572,0.051
3358,366.215,339,0.044
3359,366.32,369,0.482
3360,366.355,563,1.647
3361,366.645,259,0.013
3362,366.775,201,0.346
3363,366.95,593,0.083
3364,370.015,388,0.353
3365,370.045,495,0.13
3366,370.07,70,0.0
3367,370.08,458,0.178
3368,370.14,566,0.001
3369,370.15,18,0.034
3370,370.205,51,1.774
3371,370.26,357,0.31
3372,370.335,470,0.041
3373,370.335,332,0.166
3374,370.34,249,0.846
3375,370.45,410,0.0
3376,370.46,455,0.018
3377,370.465,473,0.004
3378,370.475,70,0.801
3379,370.525,148,0.127
3380,370.62,389,0.081
3381,370.66,249,0.018
3382,370.795,383,0.423
3383,370.805,447,0.762
3384,370.89,196,0.137
3385,370.91,518,0.02
3386,370.93,179,0.342
3387,371.09,265,0.707
3388,371.255,33,0.0
3389,371.31,293,0.017
3390,371.33,494,1.482
3391,371.42,415,0.0
3392,371.45,180,0.046
3393,371.895,55,0.102
3394,372.19,525,0.003
3395,375.005,228,0.166
3396,375.01,338,1.584
3397,375.01,251,0.244
3398,375.035,481,0.149
3399,375.04,16,0.177
3400,375.055,401,0.2
3401,375.08,105,0.006
3402,375.085,30,0.009
3403,375.115,562,0.038
3404,375.125,82,0.633
3405,375.14,46,0.092
3406,375.145,426,0.004
3407,375.155,588,0.97
3408,375.205,33,0.198
3409,375.21,105,0.024
3410,375.23,170,0.025
3411,375.26,444,0.071
3412,375.26,31,0.44
3413,375.28,277,1.727
3414,375.3,579,0.019
3415,375.3,196,0.416
3416,375.315,564,0.026
3417,375.36,453,0.295
3418,375.385,246,0.0
3419,375.395,567,1.017
3420,375.395,495,0.244
3421,375.4,114,0.061
3422,375.405,80,0.599
3423,375.405,198,0.218
3424,375.475,544,0.15
3425,375.67,556,0.182
3426,375.715,199,0.002
3427,375.73,383,0.017
3428,375.765,56,0.029
3429,375.775,191,0.349
3430,375.795,553,0.044
3431,375.915,336,0.072
3432,375.985,247,0.758
3433,376.16,588,0.293
3434,376.39,241,0.157
3435,376.535,157,0.38
3436,378.495,473,1.116
3437,380.05,193,0.063
3438,380.065,4,0.34
3439,380.075,598,0.148
3440,380.125,193,2.899
3441,380.215,60,0.087
3442,380.295,125,1.443
3443,380.335,332,0.291
3444,380.375,465,0.663
3445,380.475,541,0.664
3446,380.585,503,0.974
3447,380.72,140,0.002
3448,380.785,305,0.903
3449,380.93,163,0.192
3450,380.99,370,0.093
3451,381.095,2,0.599
3452,381.535,518,0.382
3453,381.58,94,0.284
3454,381.58,456,0.24
3455,381.665,498,0.339
3456,383.115,542,0.119
3457,385.03,51,0.095
3458,385.055,14,0.532
3459,385.075,509,0.021
3460,385.085,284,0.336
3461,385.085,204,0.118
3462,385.1,252,0.699
3463,385.11,531,0.043
3464,385.115,59,0.028
3465,385.12,488,0.099
3466,385.14,326,0.063
3467,385.16,586,0.016
3468,385.165,30,0.011
3469,385.17,146,0.135
3470,385.2,17,0.083
3471,385.225,409,0.016
3472,385.23,187,0.0
3473,385.23,82,0.252
3474,385.25,569,0.211
3475,385.255,564,0.337
3476,385.275,486,0.737
3477,385.275,317,0.014
3478,385.3,402,0.091
3479,385.305,26,0.219
3480,385.32,42,0.394
3481,385.32,168,0.032
3482,385.33,417,0.238
3483,385.38,254,0.206
3484,385.44,526,0.046
3485,385.445,186,0.07
3486,385.45,61,0.14
3487,385.46,497,0.018
3488,385.515,59,0.001
3489,385.57,506,0.084
3490,385.59,425,0.127
3491,385.595,519,0.472
3492,385.695,279,0.558
3493,385.73,61,0.095
3494,385.735,7,0.065
3495,385.745,151,0.031
3496,385.755,473,0.017
3497,385.86,87,0.018
3498,385.88,144,0.823
3499,385.885,179,0.147
3500,385.93,597,0.005
3501,385.965,565,0.0
3502,386.255,470,0.001
3503,386.445,440,0.037
3504,386.81,593,0.166
3505,387.81,420,0.884
3506,390.02,157,0.29
3507,390.05,178,0.119
3508,390.08,481,0.078
3509,390.105,52,0.942
3510,390.105,126,0.038
3511,390.11,157,0.006
3512,390.135,423,0.04
3513,390.145,221,0.053
3514,390.155,134,0.075
3515,390.18,139,0.007
3516,390.19,53,0.004
3517,390.205,118,0.077
3518,390.23,498,0.221
3519,390.345,142,0.079
3520,390.37,508,0.019
3521,390.43,280,0.132
3522,390.495,13,0.599
3523,390.505,32,0.287
3524,390.54,589,0.015
3525,390.56,552,0.726
3526,390.6,22,0.14
3527,390.69,3,0.065
3528,390.735,41,0.093
3529,390.745,415,0.417
3530,390.795,252,0.417
3531,390.84,301,0.06
3532,390.985,425,1.092
3533,391.215,244,0.0
3534,391.475,558,0.0
3535,391.5,428,0.633
3536,391.5,568,0.7
3537,391.63,428,0.001
3538,391.825,585,0.033
3539,392.19,243,0.082
3540,395.015,429,0.491
3541,395.02,523,0.002
3542,395.035,13,0.001
3543,395.055,418,0.918
3544,395.075,392,0.333
3545,395.08,212,0.007
3546,395.095,138,0.088
3547,395.095,499,0.032
3548,395.095,113,0.397
3549,395.095,373,0.207
3550,395.115,520,0.009
3551,395.12,486,0.096
3552,395.13,299,0.028
3553,395.14,114,0.078
3554,395.18,115,0.103
3555,395.185,477,0.019
3556,395.185,250,0.08
3557,395.185,593,0.016
3558,395.21,382,0.07
3559,395.215,58,0.051
3560,395.23,166,0.001
3561,395.235,253,0.073
3562,395.245,451,0.024
3563,395.255,467,0.005
3564,395.27,269,0.032
3565,395.27,533,0.084
3566,395.285,491,0.106
3567,395.29,204,0.001
3568,395.3,257,0.455
3569,395.305,266,0.092
3570,395.315,102,0.0
3571,395.325,546,0.055
3572,395.335,173,0.011
3573,395.4,289,0.839
3574,395.425,204,0.168
3575,395.445,291,0.001
3576,395.46,446,0.182
3577,395.465,137,0.024
3578,395.495,38,0.729
3579,395.505,312,0.025
3580,395.51,115,0.003
3581,395.59,4,0.002
3582,395.605,134,0.492
3583,395.61,461,0.328
3584,395.615,375,0.019
3585,395.625,49,0.136
3586,395.63,508,0.333
3587,395.665,379,0.79
3588,395.665,37,0.037
3589,395.79,178,0.0
3590,395.835,403,0.461
3591,395.875,22,0.248
3592,395.905,231,0.003
3593,396.075,386,0.382
3594,396.125,169,0.654
3595,396.24,22,0.186
3596,396.285,311,1.65
3597,396.285,532,0.016
3598,396.475,157,0.871
3599,396.73,499,0.449
3600,396.85,50,0.041
3601,400.005,334,0.053
3602,400.005,283,0.066
3603,400.025,504,0.441
3604,400.03,468,0.171
3605,400.065,143,0.566
3606,400.07,257,0.503
3607,400.075,276,0.136
3608,400.135,194,0.002
3609,400.135,193,0.091
3610,400.155,461,0.107
3611,400.19,367,0.157
3612,400.235,86,0.41
3613,400.24,52,0.129
3614,400.245,574,0.474
3615,400.26,402,0.008
3616,400.295,465,0.083
3617,400.35,221,0.05
3618,400.385,196,0.032
3619,400.405,455,0.159
3620,400.425,228,0.113
3621,400.455,99,0.198
3622,400.455,547,0.012
3623,400.495,366,0.182
3624,400.52,222,0.17
3625,400.55,170,0.111
3626,400.565,124,0.077
3627,400.59,217,0.158
3628,400.63,275,0.783
3629,400.64,4,0.004
3630,400.7,352,0.163
3631,400.7,564,0.065
3632,400.74,372,0.194
3633,400.8,512,0.173
3634,400.81,555,0.326
3635,400.905,556,0.025
3636,400.93,567,0.001
3637,401.095,155,0.178
3638,401.55,168,0.726
3639,401.8,420,0.233
3640,401.87,416,1.133
3641,402.53,24,1.225
3642,405.005,350,0.015
3643,405.01,577,0.121
3644,405.025,427,0.101
3645,405.025,373,1.95
3646,405.03,216,0.024
3647,405.055,449,0.0
3648,405.07,495,0.001
3649,405.08,116,0.018
3650,405.095,278,0.119
3651,405.105,396,0.191
3652,405.135,318,0.027
3653,405.14,514,0.176
3654,405.19,167,0.016
3655,405.275,432,0.167
3656,405.295,561,0.023
3657,405.305,22,0.142
3658,405.32,327,0.191
3659,405.38,458,0.086
3660,405.41,219,0.118
3661,405.41,468,0.039
3662,405.41,160,0.325
3663,405.47,521,0.0
3664,405.475,148,0.011
3665,405.55,349,0.382
3666,405.59,383,0.489
3667,405.6,538,0.519
3668,405.605,504,0.114
3669,405.67,512,0.03
3670,405.775,31,0.005
3671,405.93,300,1.103
3672,405.98,325,0.237
3673,406.075,600,0.231
3674,406.295,478,0.094
3675,406.555,162,0.019
3676,406.805,100,0.404
3677,406.88,237,0.357
3678,407.675,375,0.025
3679,410.0,7,0.009
3680,410.03,239,0.431
3681,410.04,501,0.189
3682,410.045,184,2.194
3683,410.08,171,0.1
3684,410.085,159,0.01
3685,410.095,203,0.005
3686,410.115,30,0.023
3687,410.125,283,0.609
3688,410.14,538,0.251
3689,410.15,584,0.173
3690,410.155,41,0.055
3691,410.155,455,0.157
3692,410.16,302,0.441
3693,410.16,595,0.399
3694,410.18,404,0.004
3695,410.215,5,0.0
3696,410.23,284,0.023
3697,410.23,150,0.045
3698,410.24,472,0.0
3699,410.27,102,0.924
3700,410.27,125,0.324
3701,410.285,43,0.054
3702,410.29,468,2.007
3703,410.295,99,0.161
3704,410.295,8,0.013
3705,410.355,183,0.292
3706,410.355,574,0.007
3707,410.37,111,0.087
3708,410.38,359,0.078
3709,410.4,28,1.403
3710,410.4,224,0.002
3711,410.405,240,0.002
3712,410.405,79,0.44
3713,410.42,172,0.031
3714,410.43,349,0.377
3715,410.45,215,0.016
3716,410.515,581,0.012
3717,410.535,460,0.161
3718,410.57,171,0.241
3719,410.585,584,0.045
3720,410.625,190,0.104
3721,410.645,33,0.006
3722,410.74,141,0.159
3723,410.78,385,0.328
3724,410.81,16,0.041
3725,410.815,236,0.438
3726,410.82,579,0.761
3727,410.825,126,0.046
3728,410.845,139,0.028
3729,410.86,579,0.02
3730,410.87,398,0.048
3731,410.9,119,0.002
3732,410.91,54,0.019
3733,411.07,400,0.118
3734,411.415,582,0.002
3735,411.89,49,0.012
3736,412.43,365,0.105
3737,415.0,223,0.077
3738,415.02,444,0.007
3739,415.035,536,0.107
3740,415.05,49,0.118
3741,415.07,598,0.524
3742,415.075,52,0.101
3743,415.08,252,0.028
3744,415.08,75,0.062
3745,415.085,61,0.226
3746,415.085,295,0.017
3747,415.17,42,0.227
3748,415.175,35,0.048
3749,415.19,98,0.037
3750,415.2,393,0.001
3751,415.2,314,0.051
3752,415.235,531,0.81
3753,415.26,567,0.018
3754,415.265,458,0.163
3755,415.27,190,0.263
3756,415.385,346,0.375
3757,415.56,536,0.039
3758,415.64,357,0.001
3759,415.705,392,1.06
3760,415.745,47,0.002
3761,415.845,416,0.294
3762,415.85,487,0.036
3763,415.87,449,0.157
3764,416.085,359,0.186
3765,416.15,159,0.205
3766,416.19,584,0.112
3767,416.28,265,0.189
3768,416.645,571,0.11
3769,416.695,549,0.161
3770,416.815,585,0.053
3771,417.445,536,0.021
3772,420.005,524,0.103
3773,420.005,335,0.083
3774,420.01,555,0.023
3775,420.015,376,0.07
3776,420.035,93,0.539
3777,420.055,296,0.144
3778,420.07,600,0.004
3779,420.075,469,0.008
3780,420.085,441,0.074
3781,420.095,118,0.784
3782,420.115,195,0.12
3783,420.115,164,0.043
3784,420.15,473,0.019
3785,420.175,181,0.0
3786,420.175,174,0.675
3787,420.175,140,0.083
3788,420.18,582,0.003
3789,420.205,92,0.139
3790,420.21,284,0.021
3791,420.21,27,0.03
3792,420.21,436,0.133
3793,420.215,256,0.005
3794,420.23,380,0.019
3795,420.25,324,0.383
3796,420.295,489,0.223
3797,420.305,108,0.073
3798,420.32,281,0.623
3799,420.33,200,0.376
3800,420.36,218,0.001
3801,420.425,404,0.388
3802,420.485,510,2.13
3803,420.53,136,0.852
3804,420.64,163,0.443
3805,420.645,554,0.031
3806,420.67,267,0.355
3807,420.745,142,0.019
3808,420.805,134,0.041
3809,420.825,38,0.064
3810,421.015,183,0.075
3811,421.04,56,0.006
3812,421.2,130,0.005
3813,421.2,71,0.59
3814,421.22,296,0.437
3815,421.265,84,0.059
3816,421.405,596,0.0
3817,421.415,313,0.106
3818,421.425,320,0.002
3819,421.615,457,0.418
3820,421.84,584,0.029
3821,425.01,197,0.404
3822,425.065,378,0.017
3823,425.1,568,0.012
3824,425.11,244,0.241
3825,425.125,233,0.248
3826,425.125,444,0.001
3827,425.145,231,0.025
3828,425.155,297,0.028
3829,425.17,366,0.0
3830,425.2,147,0.682
3831,425.31,36,0.541
3832,425.31,394,0.002
3833,425.31,88,1.1
3834,425.33,414,0.247
3835,425.36,51,0.01
3836,425.365,433,0.055
3837,425.635,283,0.27
3838,425.645,79,0.049
3839,425.69,276,0.192
3840,425.72,174,0.007
3841,425.745,38,0.468
3842,425.77,142,0.0
3843,425.795,153,0.044
3844,425.92,448,0.001
3845,425.97,268,0.158
3846,425.98,198,0.103
3847,426.01,592,0.316
3848,426.025,274,0.174
3849,426.11,405,0.115
3850,426.265,118,0.063
3851,426.275,494,0.105
3852,426.7,368,0.087
3853,426.93,344,0.71
3854,427.165,450,0.51
3855,430.005,361,0.703
3856,430.015,336,0.628
3857,430.035,459,0.012
3858,430.045,62,0.365
3859,430.05,246,0.268
3860,430.08,167,0.023
3861,430.085,301,0.281
3862,430.09,154,0.774
3863,430.14,154,0.409
3864,430.16,221,0.002
3865,430.2,44,0.0
3866,430.2,67,0.004
3867,430.2,547,0.005
3868,430.21,244,0.002
3869,430.24,442,0.109
3870,430.275,526,0.052
3871,430.29,541,0.435
3872,430.31,469,1.154
3873,430.335,218,0.093
3874,430.34,92,0.228
3875,430.405,459,0.563
3876,430.405,61,0.024
3877,430.42,500,0.045
3878,430.54,396,1.143
3879,430.555,105,0.041
3880,430.675,517,0.176
3881,430.705,166,0.139
3882,430.83,235,1.52
3883,430.845,87,0.016
3884,431.1,561,0.0
3885,431.195,56,0.007
3886,431.2,206,0.443
3887,431.255,491,0.786
3888,431.485,349,0.263
3889,431.74,54,0.773
3890,433.145,160,0.216
3891,435.005,292,0.271
3892,435.01,419,0.012
3893,435.01,270,0.033
3894,435.01,23,0.001
3895,435.02,459,0.039
3896,435.035,358,0.035
3897,435.05,578,0.048
3898,435.06,381,0.014
3899,435.07,71,0.016
3900,435.07,285,0.935
3901,435.075,284,0.236
3902,435.09,49,0.194
3903,435.1,11,0.187
3904,435.11,139,1.191
3905,435.115,158,0.107
3906,435.12,556,0.361
3907,435.125,233,0.065
3908,435.14,180,0.06
3909,435.145,511,0.089
3910,435.155,588,0.124
3911,435.16,55,0.486
3912,435.165,368,0.092
3913,435.21,389,0.013
3914,435.22,546,0.002
3915,435.22,300,0.176
3916,435.24,284,0.321
3917,435.24,401,0.338
3918,435.24,121,0.244
3919,435.255,459,0.301
3920,435.265,497,0.822
3921,435.27,289,0.065
3922,435.29,283,0.001
3923,435.315,129,0.011
3924,435.33,409,0.115
3925,435.365,15,0.013
3926,435.39,409,0.239
3927,435.395,222,0.233
3928,435.41,497,0.008
3929,435.42,310,0.528
3930,435.46,292,0.022
3931,435.49,22,0.02
3932,435.5,259,0.012
3933,435.51,485,0.044
3934,435.54,443,0.03
3935,435.57,541,0.0
3936,435.605,257,0.251
3937,435.61,247,1.05
3938,435.61,43,1.288
3939,435.62,63,0.001
3940,435.63,422,1.07
3941,435.65,428,0.111
3942,435.665,290,0.211
3943,435.75,555,0.397
3944,436.04,536,0.027
3945,436.12,594,0.0
3946,436.215,130,0.0
3947,436.325,387,0.3
3948,436.4,400,0.125
3949,436.5,510,0.062
3950,437.915,534,0.046
3951,440.005,290,0.232
3952,440.01,54,0.04
3953,440.035,3,0.214
3954,440.05,497,0.325
3955,440.06,237,0.016
3956,440.065,245,0.221
3957,440.075,79,0.03
3958,440.08,536,0.539
3959,440.135,200,0.078
3960,440.19,220,0.005
3961,440.23,154,0.011
3962,440.285,396,0.027
3963,440.29,585,0.552
3964,440.3,379,0.018
3965,440.335,146,0.034
3966,440.355,314,0.448
3967,440.41,277,0.004
3968,440.425,301,0.976
3969,440.46,240,0.68
3970,440.475,491,0.071
3971,440.48,147,0.405
3972,440.56,310,0.677
3973,440.61,408,0.595
3974,440.625,327,0.813
3975,440.82,68,0.654
3976,440.92,453,2.213
3977,440.93,396,0.286
3978,440.99,464,0.172
3979,440.995,228,1.103
3980,441.045,130,0.024
3981,441.06,176,1.177
3982,441.09,449,0.01
3983,441.45,63,0.498
3984,441.61,550,0.268
3985,441.655,294,0.282
3986,442.665,386,0.073
3987,445.005,293,0.057
3988,445.015,15,0.652
3989,445.02,196,0.074
3990,445.025,324,0.002
3991,445.025,187,0.159
3992,445.03,356,0.071
3993,445.035,112,0.004
3994,445.04,288,0.004
3995,445.04,546,0.02
3996,445.045,415,0.057
3997,445.05,489,0.25
3998,445.05,598,0.168
3999,445.07,20,0.211
4000,445.075,501,0.021
4001,445.095,333,0.019
4002,445.1,443,0.013
4003,445.115,34,0.006
4004,445.15,280,0.006
4005,445.155,205,0.004
4006,445.165,32,0.006
4007,445.175,585,0.0
4008,445.175,377,0.012
4009,445.175,365,0.055
4010,445.18,424,0.031
4011,445.195,350,0.124
4012,445.205,320,0.001
4013,445.205,385,0.143
4014,445.215,409,0.345
4015,445.215,293,0.629
4016,445.245,218,0.104
4017,445.295,513,0.001
4018,445.3,190,0.153
4019,445.31,465,0.271
4020,445.315,232,0.226
4021,445.33,254,0.078
4022,445.355,570,0.006
4023,445.36,42,0.041
4024,445.375,476,0.0
4025,445.38,557,0.673
4026,445.405,538,0.333
4027,445.465,596,0.0
4028,445.475,248,0.754
4029,445.485,302,0.001
4030,445.49,478,0.009
4031,445.535,347,0.005
4032,445.62,359,0.346
4033,445.63,243,0.613
4034,445.72,480,0.897
4035,445.78,126,0.213
4036,445.8,155,0.914
4037,445.815,208,0.368
4038,445.86,260,0.204
4039,445.9,265,0.018
4040,446.095,296,0.078
4041,447.215,409,0.024
4042,448.345,497,0.04
4043,450.025,306,0.758
4044,450.03,387,0.206
4045,450.035,319,0.152
4046,450.045,57,0.213
4047,450.065,600,0.016
4048,450.075,287,0.024
4049,450.105,118,0.623
4050,450.13,40,0.27
4051,450.13,182,0.004
4052,450.155,346,0.007
4053,450.23,514,1.643
4054,450.23,575,0.031
4055,450.245,172,0.026
4056,450.245,10,0.385
4057,450.25,406,0.009
4058,450.25,399,0.013
4059,450.255,576,0.296
4060,450.28,547,0.001
4061,450.29,250,0.046
4062,450.3,380,0.204
4063,450.305,517,0.011
4064,450.335,216,0.225
4065,450.335,245,0.599
4066,450.415,567,0.079
4067,450.425,157,0.084
4068,450.44,135,0.07
4069,450.465,524,0.022
4070,450.53,40,0.006
4071,450.56,400,1.054
4072,450.56,364,0.035
4073,450.6,439,0.056
4074,450.61,124,0.373
4075,450.615,417,0.665
4076,450.785,142,0.003
4077,450.825,195,0.054
4078,450.865,296,0.106
4079,450.89,215,0.367
4080,450.94,241,0.079
4081,451.025,4,0.011
4082,451.08,298,0.132
4083,451.15,94,0.091
4084,451.185,11,0.015
4085,451.695,193,0.039
4086,451.725,291,0.007
4087,452.58,113,0.043
4088,455.015,74,0.024
4089,455.045,226,0.029
4090,455.045,466,0.007
4091,455.05,477,0.0
4092,455.05,84,0.002
4093,455.05,159,0.016
4094,455.06,598,0.006
4095,455.085,37,0.147
4096,455.085,190,0.42
4097,455.095,412,0.379
4098,455.1,576,0.009
4099,455.12,125,0.056
4100,455.12,506,0.044
4101,455.125,135,0.068
4102,455.135,417,0.214
4103,455.145,525,0.597
4104,455.185,366,0.288
4105,455.215,97,0.068
4106,455.25,497,0.058
4107,455.26,332,0.001
4108,455.26,598,0.19
4109,455.265,76,0.105
4110,455.29,542,0.177
4111,455.295,100,0.194
4112,455.33,591,0.079
4113,455.33,158,0.021
4114,455.355,452,0.327
4115,455.365,465,1.305
4116,455.415,164,0.069
4117,455.435,54,0.0
4118,455.445,318,0.31
4119,455.46,7,0.037
4120,455.51,9,0.173
4121,455.525,583,0.213
4122,455.55,157,0.084
4123,455.675,555,0.235
4124,455.695,23,0.031
4125,455.7,135,0.456
4126,455.715,302,0.015
4127,455.725,322,4.445
4128,455.735,252,0.047
4129,455.77,524,0.056
4130,455.825,35,0.042
4131,455.865,435,0.002
4132,455.89,151,0.076
4133,455.955,83,0.147
4134,455.99,254,0.665
4135,456.085,526,0.391
4136,456.11,26,0.096
4137,456.275,517,0.262
4138,456.375,93,0.012
4139,456.445,9,0.268
4140,456.52,109,0.34
4141,457.06,191,0.275
4142,460.0,83,0.025
4143,460.01,259,0.093
4144,460.01,397,0.049
4145,460.025,410,0.0
4146,460.03,171,0.017
4147,460.045,506,0.105
4148,460.055,491,0.663
4149,460.055,153,0.099
4150,460.065,563,2.614
4151,460.07,468,0.115
4152,460.075,592,0.001
4153,460.075,46,0.138
4154,460.08,260,1.025
4155,460.1,298,0.041
4156,460.105,78,1.195
4157,460.12,156,0.859
4158,460.13,60,0.106
4159,460.135,43,0.239
4160,460.14,532,0.043
4161,460.14,338,0.027
4162,460.14,307,0.363
4163,460.155,546,0.051
4164,460.165,99,0.629
4165,460.175,62,0.171
4166,460.185,223,0.288
4167,460.215,74,0.69
4168,460.24,16,1.433
4169,460.245,589,0.182
4170,460.245,192,0.206
4171,460.265,488,0.111
4172,460.275,257,0.211
4173,460.29,319,0.624
4174,460.315,423,0.006
4175,460.355,474,0.087
4176,460.355,312,0.013
4177,460.365,379,0.148
4178,460.375,260,1.016
4179,460.38,396,1.04
4180,460.39,101,0.039
4181,460.435,559,0.568
4182,460.47,418,0.217
4183,460.48,121,0.093
4184,460.48,204,0.0
4185,460.5,242,0.134
4186,460.53,247,0.428
4187,460.54,201,0.01
4188,460.56,369,0.208
4189,460.57,106,0.09
4190,460.61,585,0.36
4191,460.615,532,0.0
4192,460.63,13,0.448
4193,460.675,475,0.131
4194,460.825,336,0.138
4195,460.85,61,0.07
4196,460.94,394,0.101
4197,460.985,224,0.07
4198,461.0,160,0.425
4199,461.005,40,0.169
4200,461.065,121,0.058
4201,461.08,498,0.02
4202,461.14,320,0.102
4203,461.15,261,0.014
4204,461.265,289,0.204
4205,461.33,305,0.126
4206,461.36,356,0.096
4207,461.38,571,0.061
4208,461.455,344,0.004
4209,465.02,282,0.004
4210,465.075,122,0.354
4211,465.085,181,0.015
4212,465.095,506,0.129
4213,465.125,137,0.159
4214,465.125,61,0.54
4215,465.155,244,0.137
4216,465.17,287,0.091
4217,465.21,594,0.069
4218,465.215,476,0.001
4219,465.22,249,0.058
4220,465.255,438,0.034
4221,465.265,174,0.018
4222,465.275,248,0.425
4223,465.29,195,0.955
4224,465.31,467,0.2
4225,465.335,52,0.989
4226,465.37,85,0.404
4227,465.395,555,0.116
4228,465.4,466,0.581
4229,465.425,431,0.615
4230,465.44,28,0.013
4231,465.455,526,0.0
4232,465.47,403,0.171
4233,465.485,548,0.192
4234,465.52,398,0.086
4235,465.525,454,0.31
4236,465.56,162,0.003
4237,465.565,266,0.004
4238,465.63,327,0.155
4239,465.695,301,2.044
4240,465.72,553,0.004
4241,465.78,173,0.033
4242,465.8,210,0.531
4243,465.84,477,0.026
4244,465.91,503,1.062
4245,465.915,310,0.337
4246,466.12,303,0.498
4247,466.155,333,0.219
4248,466.22,211,0.385
4249,466.245,596,0.024
4250,466.265,45,0.046
4251,466.315,532,0.182
4252,466.415,358,0.037
4253,466.505,34,0.105
4254,466.83,359,0.03
4255,470.035,170,0.083
4256,470.035,504,0.074
4257,470.04,319,0.002
4258,470.06,331,0.068
4259,470.065,487,0.767
4260,470.065,199,0.099
4261,470.07,352,0.068
4262,470.11,239,0.625
4263,470.11,557,0.001
4264,470.12,197,0.076
4265,470.125,545,0.064
4266,470.145,541,0.017
4267,470.19,449,0.0
4268,470.2,349,0.413
4269,470.21,337,0.916
4270,470.225,427,0.015
4271,470.225,419,0.268
4272,470.225,233,1.081
4273,470.225,32,0.498
4274,470.255,169,0.354
4275,470.29,517,0.688
4276,470.3,67,0.086
4277,470.335,483,0.141
4278,470.345,405,0.063
4279,470.355,436,0.005
4280,470.385,430,0.019
4281,470.395,501,0.0
4282,470.42,441,0.093
4283,470.47,75,0.248
4284,470.485,301,0.056
4285,470.515,503,0.021
4286,470.515,171,0.118
4287,470.515,164,0.004
4288,470.56,296,0.069
4289,470.625,93,0.024
4290,470.685,275,0.328
4291,470.69,349,0.019
4292,470.7,403,0.043
4293,470.725,208,0.377
4294,470.805,138,1.401
4295,470.82,307,0.01
4296,470.825,496,0.011
4297,471.0,163,0.012
4298,471.03,3,0.001
4299,471.15,551,0.195
4300,471.185,454,0.045
4301,471.2,532,0.444
4302,471.33,484,0.134
4303,471.375,221,0.022
4304,471.45,460,0.508
4305,471.545,240,0.071
4306,471.795,206,0.652
4307,475.01,542,0.035
4308,475.015,311,0.219
4309,475.02,592,0.002
4310,475.03,16,1.339
4311,475.03,374,0.252
4312,475.04,292,0.189
4313,475.045,472,0.0
4314,475.05,297,0.828
4315,475.055,103,0.003
4316,475.055,316,0.226
4317,475.055,556,0.338
4318,475.07,517,0.264
4319,475.085,150,0.013
4320,475.09,326,0.151
4321,475.09,395,0.157
4322,475.09,281,0.012
4323,475.095,383,0.111
4324,475.115,348,0.693
4325,475.115,264,0.045
4326,475.12,407,0.122
4327,475.13,431,0.028
4328,475.13,302,0.115
4329,475.135,8,1.216
4330,475.155,281,0.121
4331,475.16,435,0.346
4332,475.16,490,0.138
4333,475.16,348,0.693
4334,475.18,232,0.358
4335,475.205,409,0.007
4336,475.24,250,0.001
4337,475.25,282,0.478
4338,475.26,365,0.268
4339,475.27,217,1.441
4340,475.28,410,0.037
4341,475.295,174,0.029
4342,475.305,347,0.09
4343,475.305,451,0.395
4344,475.31,150,0.426
4345,475.325,31,0.002
4346,475.335,491,0.143
4347,475.375,452,0.037
4348,475.435,129,0.397
4349,475.435,484,0.005
4350,475.435,196,0.015
4351,475.475,344,0.0
4352,475.505,117,0.042
4353,475.52,163,0.001
4354,475.53,269,0.043
4355,475.535,161,0.157
4356,475.56,436,0.024
4357,475.575,542,0.07
4358,475.58,495,0.229
4359,475.6,331,0.153
4360,475.635,182,0.085
4361,475.735,443,0.04
4362,475.79,103,0.008
4363,475.89,362,0.001
4364,475.96,213,0.132
4365,476.055,92,0.0
4366,476.15,356,0.071
4367,476.2,548,0.119
4368,476.26,12,0.004
4369,476.715,456,0.471
4370,477.06,84,0.045
4371,477.11,518,0.0
4372,480.0,139,0.004
4373,480.025,404,0.223
4374,480.03,355,0.857
4375,480.06,267,0.172
4376,480.065,67,0.101
4377,480.065,356,0.562
4378,480.065,543,0.07
4379,480.09,442,0.122
4380,480.09,71,0.128
4381,480.11,484,0.124
4382,480.165,58,0.069
4383,480.17,108,0.295
4384,480.265,77,0.017
4385,480.265,15,0.003
4386,480.28,81,0.023
4387,480.28,131,0.005
4388,480.28,84,0.0
4389,480.36,71,0.014
4390,480.58,450,0.003
4391,480.88,555,0.065
4392,480.94,558,0.138
4393,481.125,159,0.098
4394,481.19,425,0.028
4395,481.2,302,0.014
4396,481.21,554,0.569
4397,481.23,430,0.706
4398,481.395,171,0.028
4399,481.58,308,0.655
4400,481.605,554,0.109
4401,481.795,89,0.12
4402,482.25,273,0.431
4403,485.005,84,0.066
4404,485.015,593,0.001
4405,485.015,295,0.005
4406,485.015,94,0.02
4407,485.03,141,0.127
4408,485.04,128,0.102
4409,485.045,56,0.021
4410,485.065,78,0.349
4411,485.065,117,0.806
4412,485.07,168,0.345
4413,485.07,92,0.036
4414,485.08,212,0.02
4415,485.095,130,0.13
4416,485.105,104,0.003
4417,485.13,505,0.002
4418,485.14,20,0.262
4419,485.165,588,0.004
4420,485.175,340,0.801
4421,485.175,414,0.083
4422,485.18,433,0.205
4423,485.185,265,0.024
4424,485.22,511,0.806
4425,485.225,414,0.665
4426,485.23,446,0.433
4427,485.245,441,0.797
4428,485.295,448,0.115
4429,485.305,557,0.085
4430,485.315,388,0.045
4431,485.33,74,0.057
4432,485.335,471,0.135
4433,485.405,449,0.049
4434,485.405,114,0.005
4435,485.435,340,1.376
4436,485.435,337,0.013
4437,485.485,467,0.796
4438,485.485,72,0.173
4439,485.54,267,0.955
4440,485.58,507,0.084
4441,485.635,172,0.007
4442,485.64,31,0.439
4443,485.66,184,0.104
4444,485.715,555,0.136
4445,485.73,359,0.531
4446,485.74,576,0.081
4447,485.8,191,0.741
4448,485.895,546,0.773
4449,486.1,134,0.711
4450,486.115,431,0.131
4451,486.16,280,0.012
4452,486.31,196,0.259
4453,486.315,136,0.525
4454,486.325,510,0.222
4455,486.87,470,0.476
4456,487.34,368,0.567
4457,490.025,280,0.019
4458,490.035,115,0.018
4459,490.04,225,0.353
4460,490.045,570,0.127
4461,490.06,204,0.004
4462,490.065,571,1.877
4463,490.08,167,0.014
4464,490.08,86,0.0
4465,490.085,101,0.101
4466,490.085,397,0.034
4467,490.11,356,0.081
4468,490.12,109,0.033
4469,490.135,521,0.416
4470,490.15,418,0.159
4471,490.155,368,0.255
4472,490.16,439,0.011
4473,490.205,173,0.048
4474,490.21,197,0.012
4475,490.225,168,0.043
4476,490.24,380,0.415
4477,490.245,107,0.009
4478,490.245,253,0.072
4479,490.25,492,0.48
4480,490.26,16,0.292
4481,490.27,402,0.38
4482,490.27,71,0.259
4483,490.285,94,0.133
4484,490.295,246,0.105
4485,490.31,594,0.199
4486,490.32,194,0.059
4487,490.34,27,0.001
4488,490.355,243,0.257
4489,490.4,536,0.716
4490,490.42,306,0.167
4491,490.465,95,0.553
4492,490.47,252,0.409
4493,490.535,258,0.388
4494,490.54,409,0.191
4495,490.555,299,0.275
4496,490.56,463,0.05
4497,490.585,92,0.009
4498,490.64,414,0.043
4499,490.695,293,0.315
4500,490.7,339,0.632
4501,490.78,26,0.508
4502,490.825,48,0.199
4503,490.955,212,0.781
4504,491.01,47,0.758
4505,491.205,321,0.054
4506,491.245,93,0.04
4507,491.37,349,0.016
4508,491.435,142,0.003
4509,491.465,2,0.052
4510,491.67,571,0.128
4511,492.205,476,0.45
4512,495.0,381,0.176
4513,495.005,579,1.22
4514,495.015,95,1.058
4515,495.03,199,0.151
4516,495.03,484,0.06
4517,495.035,53,0.455
4518,495.045,264,0.081
4519,495.055,520,0.0
4520,495.08,321,0.026
4521,495.115,55,0.005
4522,495.115,351,0.009
4523,495.12,487,0.151
4524,495.165,504,0.765
4525,495.17,422,0.006
4526,495.21,474,0.25
4527,495.23,341,0.291
4528,495.235,551,0.23
4529,495.24,86,0.129
4530,495.255,110,0.717
4531,495.265,19,0.082
4532,495.275,376,0.804
4533,495.29,69,0.004
4534,495.305,280,0.433
4535,495.315,365,0.104
4536,495.34,243,0.17
4537,495.42,149,0.16
4538,495.43,29,0.033
4539,495.43,19,0.009
4540,495.44,491,0.003
4541,495.44,42,0.007
4542,495.44,469,0.071
4543,495.445,127,0.045
4544,495.495,47,0.184
4545,495.525,359,0.503
4546,495.54,530,0.001
4547,495.56,301,0.1
4548,495.57,410,0.484
4549,495.585,537,0.016
4550,495.62,220,0.354
4551,495.64,97,0.227
4552,495.64,522,0.094
4553,495.675,544,0.027
4554,495.795,14,0.001
4555,496.115,186,0.263
4556,496.155,128,0.074
4557,496.165,449,0.134
4558,496.415,537,0.076
4559,496.45,319,0.381
4560,496.605,88,0.228
4561,496.75,235,0.108
4562,497.23,357,0.032
